run_id,definition,incident_lag_months,outcome,security_term,target_months,coefficient_log_points_per_incident,hac_standard_error,hac_p_value,hac_95_ci_lower,hac_95_ci_upper,approx_percent_difference_per_incident,controls,interpretation,bh_adjusted_p_value_family_all_definition_lag_tests,multiple_testing_family_size
gtd_20260811T172334Z_6527a1fb,broad_all_gtd,0,log1p_monthly_departing_visitors,monthly_incidents_lag_0,153,-0.0003082201810423584,0.0022033079072930365,0.8887471040148645,-0.0046266243261890265,0.004010183964104309,-0.030817268608211792,calendar-month indicators; linear trend; GTD method breaks 2008-04 and 2012-01,descriptive association only; not causal evidence,0.9598468723360536,54
gtd_20260811T172334Z_6527a1fb,broad_all_gtd,1,log1p_monthly_departing_visitors,monthly_incidents_lag_1,152,-0.0007664585253557509,0.0020877254509247332,0.7135249514629063,-0.0048583252187758726,0.0033254081680643703,-0.07661648710496129,calendar-month indicators; linear trend; GTD method breaks 2008-04 and 2012-01,descriptive association only; not causal evidence,0.9598468723360536,54
gtd_20260811T172334Z_6527a1fb,broad_all_gtd,2,log1p_monthly_departing_visitors,monthly_incidents_lag_2,151,-0.0011630868183625798,0.0020085890673615745,0.5625509620047404,-0.005099849050132162,0.002773675413407003,-0.11624106950444998,calendar-month indicators; linear trend; GTD method breaks 2008-04 and 2012-01,descriptive association only; not causal evidence,0.9598468723360536,54
gtd_20260811T172334Z_6527a1fb,broad_all_gtd,3,log1p_monthly_departing_visitors,monthly_incidents_lag_3,150,-0.0012492745387280152,0.0019466428255710813,0.521030012769498,-0.005064624367610621,0.0025660752901545906,-0.12484945201443898,calendar-month indicators; linear trend; GTD method breaks 2008-04 and 2012-01,descriptive association only; not causal evidence,0.9598468723360536,54
gtd_20260811T172334Z_6527a1fb,broad_all_gtd,6,log1p_monthly_departing_visitors,monthly_incidents_lag_6,147,-0.0012190774798481636,0.0017772125876313483,0.4927451691120839,-0.004702350144476841,0.002264195184780514,-0.12183347067605357,calendar-month indicators; linear trend; GTD method breaks 2008-04 and 2012-01,descriptive association only; not causal evidence,0.9598468723360536,54
gtd_20260811T172334Z_6527a1fb,broad_all_gtd,12,log1p_monthly_departing_visitors,monthly_incidents_lag_12,141,-0.0016113399870564468,0.001787048180213801,0.3672285501348591,-0.005113890058913341,0.001891210084800447,-0.16100424757836723,calendar-month indicators; linear trend; GTD method breaks 2008-04 and 2012-01,descriptive association only; not causal evidence,0.9598468723360536,54
gtd_20260811T172334Z_6527a1fb,doubtterr_zero,0,log1p_monthly_departing_visitors,monthly_incidents_lag_0,153,2.26702704570146e-05,0.0029562003837768297,0.9938813073718298,-0.005771376012829058,0.0058167165537430865,0.002267052742953777,calendar-month indicators; linear trend; GTD method breaks 2008-04 and 2012-01,descriptive association only; not causal evidence,0.9974414175643784,54
gtd_20260811T172334Z_6527a1fb,doubtterr_zero,1,log1p_monthly_departing_visitors,monthly_incidents_lag_1,152,-0.0009388848366648629,0.002700388514265172,0.7280766917145727,-0.006231549068890226,0.0043537793955605,-0.0938444222202804,calendar-month indicators; linear trend; GTD method breaks 2008-04 and 2012-01,descriptive association only; not causal evidence,0.9598468723360536,54
gtd_20260811T172334Z_6527a1fb,doubtterr_zero,2,log1p_monthly_departing_visitors,monthly_incidents_lag_2,151,-0.0014662663082602653,0.002748273870644464,0.5936718489076083,-0.006852784114375906,0.0039202514978553754,-0.14651918650210297,calendar-month indicators; linear trend; GTD method breaks 2008-04 and 2012-01,descriptive association only; not causal evidence,0.9598468723360536,54
gtd_20260811T172334Z_6527a1fb,doubtterr_zero,3,log1p_monthly_departing_visitors,monthly_incidents_lag_3,150,-0.001865894103958373,0.0025554977376754657,0.4652991158653842,-0.006874577632375873,0.0031427894244591267,-0.18641544057538792,calendar-month indicators; linear trend; GTD method breaks 2008-04 and 2012-01,descriptive association only; not causal evidence,0.9598468723360536,54
gtd_20260811T172334Z_6527a1fb,doubtterr_zero,6,log1p_monthly_departing_visitors,monthly_incidents_lag_6,147,-0.0018137347580478042,0.002409109682134492,0.45153094306207264,-0.006535502969838147,0.0029080334537425383,-0.18120909351313078,calendar-month indicators; linear trend; GTD method breaks 2008-04 and 2012-01,descriptive association only; not causal evidence,0.9598468723360536,54
gtd_20260811T172334Z_6527a1fb,doubtterr_zero,12,log1p_monthly_departing_visitors,monthly_incidents_lag_12,141,-0.0024622625948202527,0.0024143698456912557,0.307805989381953,-0.007194340537734642,0.0022698153480941365,-0.24592337127550068,calendar-month indicators; linear trend; GTD method breaks 2008-04 and 2012-01,descriptive association only; not causal evidence,0.9598468723360536,54
gtd_20260811T172334Z_6527a1fb,strict_all_criteria_doubtterr_zero,0,log1p_monthly_departing_visitors,monthly_incidents_lag_0,153,1.9597756345689457e-05,0.0029538671981959594,0.9947063860865527,-0.005769875567232629,0.005809071079924008,0.0019597948382970845,calendar-month indicators; linear trend; GTD method breaks 2008-04 and 2012-01,descriptive association only; not causal evidence,0.9974414175643784,54
gtd_20260811T172334Z_6527a1fb,strict_all_criteria_doubtterr_zero,1,log1p_monthly_departing_visitors,monthly_incidents_lag_1,152,-0.0009379799978826643,0.002698445925904357,0.7281405522698359,-0.006226836826884043,0.004350876831118714,-0.093754023215235,calendar-month indicators; linear trend; GTD method breaks 2008-04 and 2012-01,descriptive association only; not causal evidence,0.9598468723360536,54
gtd_20260811T172334Z_6527a1fb,strict_all_criteria_doubtterr_zero,2,log1p_monthly_departing_visitors,monthly_incidents_lag_2,151,-0.001468292449485601,0.0027458154527667832,0.5928308932846835,-0.006849991845102038,0.003913406946130836,-0.14672150355111094,calendar-month indicators; linear trend; GTD method breaks 2008-04 and 2012-01,descriptive association only; not causal evidence,0.9598468723360536,54
gtd_20260811T172334Z_6527a1fb,strict_all_criteria_doubtterr_zero,3,log1p_monthly_departing_visitors,monthly_incidents_lag_3,150,-0.0018754339391619176,0.0025522106649577708,0.46244471027734335,-0.006877674923438171,0.0031268070451143356,-0.18736764118123422,calendar-month indicators; linear trend; GTD method breaks 2008-04 and 2012-01,descriptive association only; not causal evidence,0.9598468723360536,54
gtd_20260811T172334Z_6527a1fb,strict_all_criteria_doubtterr_zero,6,log1p_monthly_departing_visitors,monthly_incidents_lag_6,147,-0.0018240454573475832,0.0024033772895889808,0.447881903920359,-0.006534578386203477,0.0028864874715083108,-0.18223828974475953,calendar-month indicators; linear trend; GTD method breaks 2008-04 and 2012-01,descriptive association only; not causal evidence,0.9598468723360536,54
gtd_20260811T172334Z_6527a1fb,strict_all_criteria_doubtterr_zero,12,log1p_monthly_departing_visitors,monthly_incidents_lag_12,141,-0.002471546345890143,0.0024090911586952847,0.30492703561135415,-0.007193278252406768,0.0022501855606264823,-0.246849458992338,calendar-month indicators; linear trend; GTD method breaks 2008-04 and 2012-01,descriptive association only; not causal evidence,0.9598468723360536,54
gtd_20260811T172334Z_6527a1fb,successful_only,0,log1p_monthly_departing_visitors,monthly_incidents_lag_0,153,-0.0003558772082329797,0.002468399853473125,0.8853636703435359,-0.005193852020484251,0.004482097604018292,-0.03558138914505325,calendar-month indicators; linear trend; GTD method breaks 2008-04 and 2012-01,descriptive association only; not causal evidence,0.9598468723360536,54
gtd_20260811T172334Z_6527a1fb,successful_only,1,log1p_monthly_departing_visitors,monthly_incidents_lag_1,152,-0.0009119467295346873,0.0023517313214463605,0.6981812523916884,-0.005521255420884343,0.0036973619618149685,-0.09115310324900555,calendar-month indicators; linear trend; GTD method breaks 2008-04 and 2012-01,descriptive association only; not causal evidence,0.9598468723360536,54
gtd_20260811T172334Z_6527a1fb,successful_only,2,log1p_monthly_departing_visitors,monthly_incidents_lag_2,151,-0.0014239746067429733,0.002238822321484392,0.5247520809551105,-0.0058119857246367364,0.00296403651115079,-0.14229612359644736,calendar-month indicators; linear trend; GTD method breaks 2008-04 and 2012-01,descriptive association only; not causal evidence,0.9598468723360536,54
gtd_20260811T172334Z_6527a1fb,successful_only,3,log1p_monthly_departing_visitors,monthly_incidents_lag_3,150,-0.0015424050071741226,0.0021751177591047464,0.4782541487058033,-0.005805557477152895,0.0027207474628046496,-0.15412161119022766,calendar-month indicators; linear trend; GTD method breaks 2008-04 and 2012-01,descriptive association only; not causal evidence,0.9598468723360536,54
gtd_20260811T172334Z_6527a1fb,successful_only,6,log1p_monthly_departing_visitors,monthly_incidents_lag_6,147,-0.0015097244695445634,0.001957169266511975,0.44048074501294343,-0.005345705743556709,0.0023262568044675825,-0.15085854088523024,calendar-month indicators; linear trend; GTD method breaks 2008-04 and 2012-01,descriptive association only; not causal evidence,0.9598468723360536,54
gtd_20260811T172334Z_6527a1fb,successful_only,12,log1p_monthly_departing_visitors,monthly_incidents_lag_12,141,-0.0019014802815334256,0.001917043548611306,0.32125527077215477,-0.005658816593606446,0.0018558560305395942,-0.1899673613199061,calendar-month indicators; linear trend; GTD method breaks 2008-04 and 2012-01,descriptive association only; not causal evidence,0.9598468723360536,54
gtd_20260811T172334Z_6527a1fb,known_coordinates_only,0,log1p_monthly_departing_visitors,monthly_incidents_lag_0,153,-0.0003307496924505555,0.0022219095510288074,0.8816654413543685,-0.004685612389372579,0.0040241130044714685,-0.03306950008009424,calendar-month indicators; linear trend; GTD method breaks 2008-04 and 2012-01,descriptive association only; not causal evidence,0.9598468723360536,54
gtd_20260811T172334Z_6527a1fb,known_coordinates_only,1,log1p_monthly_departing_visitors,monthly_incidents_lag_1,152,-0.000793522557351942,0.0021077891411194626,0.706566393150265,-0.004924713360950702,0.0033376682462468183,-0.07932078015882002,calendar-month indicators; linear trend; GTD method breaks 2008-04 and 2012-01,descriptive association only; not causal evidence,0.9598468723360536,54
gtd_20260811T172334Z_6527a1fb,known_coordinates_only,2,log1p_monthly_departing_visitors,monthly_incidents_lag_2,151,-0.0011913124950333857,0.0020303324268034707,0.5573666779137423,-0.005170690928211994,0.0027880659381452223,-0.11906031640092402,calendar-month indicators; linear trend; GTD method breaks 2008-04 and 2012-01,descriptive association only; not causal evidence,0.9598468723360536,54
gtd_20260811T172334Z_6527a1fb,known_coordinates_only,3,log1p_monthly_departing_visitors,monthly_incidents_lag_3,150,-0.0012896611987056397,0.0019643148791153686,0.5114734953462858,-0.005139647616067913,0.0025603252186566327,-0.1288829943086357,calendar-month indicators; linear trend; GTD method breaks 2008-04 and 2012-01,descriptive association only; not causal evidence,0.9598468723360536,54
gtd_20260811T172334Z_6527a1fb,known_coordinates_only,6,log1p_monthly_departing_visitors,monthly_incidents_lag_6,147,-0.0012473187768860233,0.0018017636074060016,0.48876364477438816,-0.004778710556056751,0.002284073002284705,-0.12465411981502245,calendar-month indicators; linear trend; GTD method breaks 2008-04 and 2012-01,descriptive association only; not causal evidence,0.9598468723360536,54
gtd_20260811T172334Z_6527a1fb,known_coordinates_only,12,log1p_monthly_departing_visitors,monthly_incidents_lag_12,141,-0.0016450942596456697,0.0017928948640276517,0.3588476173615953,-0.005159103621206704,0.0018689151019153651,-0.16437418338084295,calendar-month indicators; linear trend; GTD method breaks 2008-04 and 2012-01,descriptive association only; not causal evidence,0.9598468723360536,54
gtd_20260811T172334Z_6527a1fb,strict_known_coordinates,0,log1p_monthly_departing_visitors,monthly_incidents_lag_0,153,-2.691187639257718e-05,0.002972693639355991,0.9927768280291166,-0.00585328434660162,0.005799460593816465,-0.002691151427128016,calendar-month indicators; linear trend; GTD method breaks 2008-04 and 2012-01,descriptive association only; not causal evidence,0.9974414175643784,54
gtd_20260811T172334Z_6527a1fb,strict_known_coordinates,1,log1p_monthly_departing_visitors,monthly_incidents_lag_1,152,-0.0009981957789579419,0.0027140774997005453,0.7130338882025501,-0.00631768992962153,0.004321298371705647,-0.09976977472762015,calendar-month indicators; linear trend; GTD method breaks 2008-04 and 2012-01,descriptive association only; not causal evidence,0.9598468723360536,54
gtd_20260811T172334Z_6527a1fb,strict_known_coordinates,2,log1p_monthly_departing_visitors,monthly_incidents_lag_2,151,-0.0015209893471511554,0.002765469867977564,0.582324105837458,-0.006941210688717919,0.0038992319944156084,-0.15198332290761268,calendar-month indicators; linear trend; GTD method breaks 2008-04 and 2012-01,descriptive association only; not causal evidence,0.9598468723360536,54
gtd_20260811T172334Z_6527a1fb,strict_known_coordinates,3,log1p_monthly_departing_visitors,monthly_incidents_lag_3,150,-0.0019438020640171819,0.002569695398580917,0.4493897069863889,-0.006980312496474078,0.003092708368439714,-0.19419141042566274,calendar-month indicators; linear trend; GTD method breaks 2008-04 and 2012-01,descriptive association only; not causal evidence,0.9598468723360536,54
gtd_20260811T172334Z_6527a1fb,strict_known_coordinates,6,log1p_monthly_departing_visitors,monthly_incidents_lag_6,147,-0.001868479868857617,0.002425608440065807,0.44111371996593896,-0.006622585051982981,0.0028856253142677465,-0.1866735347051239,calendar-month indicators; linear trend; GTD method breaks 2008-04 and 2012-01,descriptive association only; not causal evidence,0.9598468723360536,54
gtd_20260811T172334Z_6527a1fb,strict_known_coordinates,12,log1p_monthly_departing_visitors,monthly_incidents_lag_12,141,-0.0025277694906146167,0.002405480061274338,0.29333306967998685,-0.007242423776241521,0.002186884795012288,-0.2524577371529326,calendar-month indicators; linear trend; GTD method breaks 2008-04 and 2012-01,descriptive association only; not causal evidence,0.9598468723360536,54
gtd_20260811T172334Z_6527a1fb,within_100km_tourism_centers,0,log1p_monthly_departing_visitors,monthly_incidents_lag_0,153,-0.002188412654483597,0.01329572386968197,0.86926259029079,-0.028247552587449775,0.023870727278482582,-0.21860198253279228,calendar-month indicators; linear trend; GTD method breaks 2008-04 and 2012-01,descriptive association only; not causal evidence,0.9598468723360536,54
gtd_20260811T172334Z_6527a1fb,within_100km_tourism_centers,1,log1p_monthly_departing_visitors,monthly_incidents_lag_1,152,-0.001847225129561203,0.012760690999070706,0.8849011382663496,-0.026857719905584228,0.023163269646461822,-0.1845520059266055,calendar-month indicators; linear trend; GTD method breaks 2008-04 and 2012-01,descriptive association only; not causal evidence,0.9598468723360536,54
gtd_20260811T172334Z_6527a1fb,within_100km_tourism_centers,2,log1p_monthly_departing_visitors,monthly_incidents_lag_2,151,-0.006527904308781529,0.012118824689253738,0.5901227201801929,-0.030280364234673667,0.017224555617110608,-0.6506643828730938,calendar-month indicators; linear trend; GTD method breaks 2008-04 and 2012-01,descriptive association only; not causal evidence,0.9598468723360536,54
gtd_20260811T172334Z_6527a1fb,within_100km_tourism_centers,3,log1p_monthly_departing_visitors,monthly_incidents_lag_3,150,-0.004641382954109367,0.015418799119572663,0.7633984502215531,-0.034861673913329685,0.025578908005110947,-0.4630628381376427,calendar-month indicators; linear trend; GTD method breaks 2008-04 and 2012-01,descriptive association only; not causal evidence,0.9598468723360536,54
gtd_20260811T172334Z_6527a1fb,within_100km_tourism_centers,6,log1p_monthly_departing_visitors,monthly_incidents_lag_6,147,-0.0038797952606828556,0.014573272720113186,0.7900645706446129,-0.03244288492898477,0.024683294407619058,-0.38722785792542724,calendar-month indicators; linear trend; GTD method breaks 2008-04 and 2012-01,descriptive association only; not causal evidence,0.9598468723360536,54
gtd_20260811T172334Z_6527a1fb,within_100km_tourism_centers,12,log1p_monthly_departing_visitors,monthly_incidents_lag_12,141,-0.023626295532434272,0.012959217609605962,0.06828420475145605,-0.049025895315079206,0.001773304250210661,-2.334937973063618,calendar-month indicators; linear trend; GTD method breaks 2008-04 and 2012-01,descriptive association only; not causal evidence,0.6153943800803369,54
gtd_20260811T172334Z_6527a1fb,strict_within_100km_tourism_centers,0,log1p_monthly_departing_visitors,monthly_incidents_lag_0,153,-0.002950138706483416,0.014106620960681786,0.8343455901644334,-0.030598607732977533,0.024698330320010703,-0.2945791323468117,calendar-month indicators; linear trend; GTD method breaks 2008-04 and 2012-01,descriptive association only; not causal evidence,0.9598468723360536,54
gtd_20260811T172334Z_6527a1fb,strict_within_100km_tourism_centers,1,log1p_monthly_departing_visitors,monthly_incidents_lag_1,152,-0.003005769481604338,0.013226292775420857,0.820223797762701,-0.02892882697041153,0.022917288007202854,-0.30012566791297013,calendar-month indicators; linear trend; GTD method breaks 2008-04 and 2012-01,descriptive association only; not causal evidence,0.9598468723360536,54
gtd_20260811T172334Z_6527a1fb,strict_within_100km_tourism_centers,2,log1p_monthly_departing_visitors,monthly_incidents_lag_2,151,-0.0042286128416504365,0.01500255058869937,0.7780511719458324,-0.033633071671741385,0.025175845988440516,-0.42196848471454984,calendar-month indicators; linear trend; GTD method breaks 2008-04 and 2012-01,descriptive association only; not causal evidence,0.9598468723360536,54
gtd_20260811T172334Z_6527a1fb,strict_within_100km_tourism_centers,3,log1p_monthly_departing_visitors,monthly_incidents_lag_3,150,-0.003725557369146079,0.017215025906534447,0.8286657447436605,-0.037466388138877586,0.030015273400585428,-0.371862609058767,calendar-month indicators; linear trend; GTD method breaks 2008-04 and 2012-01,descriptive association only; not causal evidence,0.9598468723360536,54
gtd_20260811T172334Z_6527a1fb,strict_within_100km_tourism_centers,6,log1p_monthly_departing_visitors,monthly_incidents_lag_6,147,-5.1931118893275285e-05,0.016194501455411115,0.9974414175643783,-0.03179257071908055,0.031688708481294,-0.005192977049606189,calendar-month indicators; linear trend; GTD method breaks 2008-04 and 2012-01,descriptive association only; not causal evidence,0.9974414175643784,54
gtd_20260811T172334Z_6527a1fb,strict_within_100km_tourism_centers,12,log1p_monthly_departing_visitors,monthly_incidents_lag_12,141,-0.025651346823659278,0.014234145289163948,0.07152974447058219,-0.05354975894113109,0.002247065293812533,-2.5325146140937607,calendar-month indicators; linear trend; GTD method breaks 2008-04 and 2012-01,descriptive association only; not causal evidence,0.6153943800803369,54
gtd_20260811T172334Z_6527a1fb,high_severity_complete_case_ge10,0,log1p_monthly_departing_visitors,monthly_incidents_lag_0,153,-0.01884099714970044,0.01025013136850511,0.06604435563738544,-0.03893088546877471,0.0012488911693738294,-1.8664615038242485,calendar-month indicators; linear trend; GTD method breaks 2008-04 and 2012-01,descriptive association only; not causal evidence,0.6153943800803369,54
gtd_20260811T172334Z_6527a1fb,high_severity_complete_case_ge10,1,log1p_monthly_departing_visitors,monthly_incidents_lag_1,152,-0.023717037720476924,0.009553133015372712,0.01304109876531308,-0.04244083437012797,-0.004993241070825882,-2.3437999124053,calendar-month indicators; linear trend; GTD method breaks 2008-04 and 2012-01,descriptive association only; not causal evidence,0.6153943800803369,54
gtd_20260811T172334Z_6527a1fb,high_severity_complete_case_ge10,2,log1p_monthly_departing_visitors,monthly_incidents_lag_2,151,-0.02203344184006846,0.011231694941709126,0.04979507918369099,-0.044047159411159054,-1.972426897786997e-05,-2.179247855527442,calendar-month indicators; linear trend; GTD method breaks 2008-04 and 2012-01,descriptive association only; not causal evidence,0.6153943800803369,54
gtd_20260811T172334Z_6527a1fb,high_severity_complete_case_ge10,3,log1p_monthly_departing_visitors,monthly_incidents_lag_3,150,-0.02109462072518964,0.012040290154378873,0.07977334556596959,-0.044693155791184436,0.002503914340805158,-2.087368545571201,calendar-month indicators; linear trend; GTD method breaks 2008-04 and 2012-01,descriptive association only; not causal evidence,0.6153943800803369,54
gtd_20260811T172334Z_6527a1fb,high_severity_complete_case_ge10,6,log1p_monthly_departing_visitors,monthly_incidents_lag_6,147,-0.018521200909233655,0.008628004544826784,0.03182212615694421,-0.035431779075542055,-0.001610622742925255,-1.8350737485739073,calendar-month indicators; linear trend; GTD method breaks 2008-04 and 2012-01,descriptive association only; not causal evidence,0.6153943800803369,54
gtd_20260811T172334Z_6527a1fb,high_severity_complete_case_ge10,12,log1p_monthly_departing_visitors,monthly_incidents_lag_12,141,-0.006988789043811698,0.012812003654708064,0.5854182108982653,-0.03209985477683505,0.018122276689211653,-0.6964424250836618,calendar-month indicators; linear trend; GTD method breaks 2008-04 and 2012-01,descriptive association only; not causal evidence,0.9598468723360536,54
