run_id,protocol,model,macro_fold_full_n,macro_fold_full_mae,macro_fold_full_rmse,macro_fold_full_mape,macro_fold_full_smape,macro_fold_full_wape,macro_fold_full_mase,macro_fold_full_rmsse,macro_fold_full_r2,macro_fold_full_bias,macro_fold_paired_n,macro_fold_paired_mae,macro_fold_paired_rmse,macro_fold_paired_mape,macro_fold_paired_smape,macro_fold_paired_wape,macro_fold_paired_mase,macro_fold_paired_rmsse,macro_fold_paired_r2,macro_fold_paired_bias,macro_fold_paired_seasonal_naive_n,macro_fold_paired_seasonal_naive_mae,macro_fold_paired_seasonal_naive_rmse,macro_fold_paired_seasonal_naive_mape,macro_fold_paired_seasonal_naive_smape,macro_fold_paired_seasonal_naive_wape,macro_fold_paired_seasonal_naive_mase,macro_fold_paired_seasonal_naive_rmsse,macro_fold_paired_seasonal_naive_r2,macro_fold_paired_seasonal_naive_bias,macro_fold_paired_mae_skill_vs_seasonal_naive,macro_fold_paired_rmse_skill_vs_seasonal_naive,macro_fold_full_interval_95_coverage,macro_fold_full_interval_95_mean_width,macro_fold_full_interval_95_winkler,macro_fold_paired_interval_95_coverage,macro_fold_paired_interval_95_mean_width,macro_fold_paired_interval_95_winkler,macro_fold_target_publication_delay_months,folds,runtime_seconds,pooled_full_n,pooled_full_mae,pooled_full_rmse,pooled_full_mape,pooled_full_smape,pooled_full_wape,pooled_full_r2,pooled_full_bias,pooled_paired_n,pooled_paired_mae,pooled_paired_rmse,pooled_paired_mape,pooled_paired_smape,pooled_paired_wape,pooled_paired_r2,pooled_paired_bias,pooled_paired_seasonal_naive_n,pooled_paired_seasonal_naive_mae,pooled_paired_seasonal_naive_rmse,pooled_paired_seasonal_naive_mape,pooled_paired_seasonal_naive_smape,pooled_paired_seasonal_naive_wape,pooled_paired_seasonal_naive_r2,pooled_paired_seasonal_naive_bias,pooled_paired_mae_skill_vs_seasonal_naive,pooled_paired_rmse_skill_vs_seasonal_naive,pooled_full_interval_95_coverage,pooled_full_interval_95_mean_width,pooled_full_interval_95_winkler,pooled_paired_interval_95_coverage,pooled_paired_interval_95_mean_width,pooled_paired_interval_95_winkler
run_20260811T162732Z_6bbfe89e,fixed_origin_12m_ex_ante,seasonal_naive,11.727272727272727,993304.1338383838,1197335.7019372177,42.23096293998277,31.033470831327975,35.18988122179591,2.7225891601690013,2.0595948409468345,-1.5894142697951255,-161317.6287878788,11.727272727272727,993304.1338383838,1197335.7019372177,42.23096293998277,31.033470831327975,35.18988122179591,2.7225891601690013,2.0595948409468345,-1.5894142697951255,-161317.6287878788,11.727272727272727,993304.1338383838,1197335.7019372177,42.23096293998277,31.033470831327975,35.18988122179591,2.7225891601690013,2.0595948409468345,-1.5894142697951255,-161317.6287878788,0.0,0.0,0.9318181818181818,6781399.565774348,10831850.843448447,0.9318181818181818,6781399.565774348,10831850.843448447,3.0,11,0.04623920004814863,129.0,957225.8527131783,1448292.8746757563,38.862647571911005,30.005784616910894,25.2586017378493,0.48633935456232924,-222128.19379844962,129.0,957225.8527131783,1448292.8746757563,38.862647571911005,30.005784616910894,25.2586017378493,0.48633935456232924,-222128.19379844962,129.0,957225.8527131783,1448292.8746757563,38.862647571911005,30.005784616910894,25.2586017378493,0.48633935456232924,-222128.19379844962,0.0,0.0,0.937984496124031,6822056.465892816,10191362.81489655,0.937984496124031,6822056.465892816,10191362.81489655
run_20260811T162732Z_6bbfe89e,fixed_origin_12m_ex_ante,stl_arima_111,11.727272727272727,1015326.6542082974,1208917.9991684987,42.774184705562,30.429099265044115,35.18521934193258,2.801124964522364,2.106242482478388,-1.0820332901801721,35603.3928014797,11.727272727272727,1015326.6542082974,1208917.9991684987,42.774184705562,30.429099265044115,35.18521934193258,2.801124964522364,2.106242482478388,-1.0820332901801721,35603.3928014797,11.727272727272727,993304.1338383838,1197335.7019372177,42.23096293998277,31.033470831327975,35.18988122179591,2.7225891601690013,2.0595948409468345,-1.5894142697951255,-161317.6287878788,-0.10322156698671807,-0.1319879751092128,0.851010101010101,4015560.4481598753,9022222.507489456,0.851010101010101,4015560.4481598753,9022222.507489456,3.0,11,0.5913763998541981,129.0,986648.9405159242,1398498.4247850785,39.90035471695684,29.44959427996293,26.034997459507707,0.5210529880441009,-13018.095088578639,129.0,986648.9405159242,1398498.4247850785,39.90035471695684,29.44959427996293,26.034997459507707,0.5210529880441009,-13018.095088578639,129.0,957225.8527131783,1448292.8746757563,38.862647571911005,30.005784616910894,25.2586017378493,0.48633935456232924,-222128.19379844962,-0.0307378741593205,0.03438147819502724,0.8604651162790697,4041253.544345655,8215013.026962305,0.8604651162790697,4041253.544345655,8215013.026962305
run_20260811T162732Z_6bbfe89e,fixed_origin_12m_ex_ante,theta,11.727272727272727,1036035.613284593,1201721.7989481294,43.84078565600323,31.141079446384342,36.24682354451082,2.757511194270611,2.021743105088447,-1.5210471223074427,2288.2152079304,11.727272727272727,1036035.613284593,1201721.7989481294,43.84078565600323,31.141079446384342,36.24682354451082,2.757511194270611,2.021743105088447,-1.5210471223074427,2288.2152079304,11.727272727272727,993304.1338383838,1197335.7019372177,42.23096293998277,31.033470831327975,35.18988122179591,2.7225891601690013,2.0595948409468345,-1.5894142697951255,-161317.6287878788,-0.10492852963374653,-0.05275004872545282,0.9797979797979799,8585551.11776042,9539774.526541093,0.9797979797979799,8585551.11776042,9539774.526541093,3.0,11,0.31416789977811277,129.0,1000850.0792678546,1500205.7337734832,40.55860538963173,30.068531826108668,26.409727108672783,0.4488559197780573,-53541.32116379835,129.0,1000850.0792678546,1500205.7337734832,40.55860538963173,30.068531826108668,26.409727108672783,0.4488559197780573,-53541.32116379835,129.0,957225.8527131783,1448292.8746757563,38.862647571911005,30.005784616910894,25.2586017378493,0.48633935456232924,-222128.19379844962,-0.04557359836346575,-0.03584417213220714,0.9844961240310077,8596004.736189812,9328315.724323818,0.9844961240310077,8596004.736189812,9328315.724323818
run_20260811T162732Z_6bbfe89e,fixed_origin_12m_ex_ante,ets_holt_winters,11.727272727272727,1047787.0564090476,1216954.0396659141,41.13666775288242,30.928703194074117,33.58963367347992,2.7024413751794047,1.9808218580244925,-0.7845997711706532,-214922.15967433577,11.727272727272727,1047787.0564090476,1216954.0396659141,41.13666775288242,30.928703194074117,33.58963367347992,2.7024413751794047,1.9808218580244925,-0.7845997711706532,-214922.15967433577,11.727272727272727,993304.1338383838,1197335.7019372177,42.23096293998277,31.033470831327975,35.18988122179591,2.7225891601690013,2.0595948409468345,-1.5894142697951255,-161317.6287878788,-0.3443280708048105,-0.2645242793444733,0.8207070707070708,3310576.344855694,8858401.357516386,0.8207070707070708,3310576.344855694,8858401.357516386,3.0,11,0.6740135998697951,129.0,1024527.5600381416,1353405.9015885205,38.46906159889707,30.044533582600828,27.0345117979257,0.5514409359644015,-265797.19589101133,129.0,1024527.5600381416,1353405.9015885205,38.46906159889707,30.044533582600828,27.0345117979257,0.5514409359644015,-265797.19589101133,129.0,957225.8527131783,1448292.8746757563,38.862647571911005,30.005784616910894,25.2586017378493,0.48633935456232924,-222128.19379844962,-0.07030911997853173,0.06551642609474218,0.8294573643410853,3328363.3899095817,8094284.746631459,0.8294573643410853,3328363.3899095817,8094284.746631459
run_20260811T162732Z_6bbfe89e,fixed_origin_12m_ex_ante,seasonal_moving_average_3,11.727272727272727,1055430.2971380472,1242814.0987231678,39.72281378008233,30.73811557858085,33.04541595159415,2.7045545347167805,2.026040942820872,-0.8839946939915667,-335289.7281144782,11.727272727272727,1055430.2971380472,1242814.0987231678,39.72281378008233,30.73811557858085,33.04541595159415,2.7045545347167805,2.026040942820872,-0.8839946939915667,-335289.7281144782,11.727272727272727,993304.1338383838,1197335.7019372177,42.23096293998277,31.033470831327975,35.18988122179591,2.7225891601690013,2.0595948409468345,-1.5894142697951255,-161317.6287878788,-0.5024107882677356,-0.4241450348998608,0.7222222222222222,2670772.870443945,12604882.167040616,0.7222222222222222,2670772.870443945,12604882.167040616,3.0,11,0.2685889999847859,129.0,1030677.5839793283,1376870.7977296489,37.02280475313621,29.83317675591852,27.196794298934602,0.5357521692913576,-387699.2480620155,129.0,1030677.5839793283,1376870.7977296489,37.02280475313621,29.83317675591852,27.196794298934602,0.5357521692913576,-387699.2480620155,129.0,957225.8527131783,1448292.8746757563,38.862647571911005,30.005784616910894,25.2586017378493,0.48633935456232924,-222128.19379844962,-0.07673396101657426,0.04931466431615039,0.7286821705426356,2682115.6330325934,11740619.533201814,0.7286821705426356,2682115.6330325934,11740619.533201814
run_20260811T162732Z_6bbfe89e,fixed_origin_12m_ex_ante,dynamic_harmonic_arima_k2,11.727272727272727,1133216.2887900923,1266078.4828525723,53.62810269429724,41.82524038501926,42.38675439957287,3.377900269791807,2.3837908140245987,-2.3154906969839386,96138.05265668673,11.727272727272727,1133216.2887900923,1266078.4828525723,53.62810269429724,41.82524038501926,42.38675439957287,3.377900269791807,2.3837908140245987,-2.3154906969839386,96138.05265668673,11.727272727272727,993304.1338383838,1197335.7019372177,42.23096293998277,31.033470831327975,35.18988122179591,2.7225891601690013,2.0595948409468345,-1.5894142697951255,-161317.6287878788,-0.46829373466202856,-0.3435843416684728,0.6767676767676768,3143352.0769099686,15769016.7351141,0.6767676767676768,3143352.0769099686,15769016.7351141,3.0,11,0.3187476999592036,129.0,1079674.5239415544,1500388.5540441875,48.936375230734754,40.54320524473706,28.48969104777535,0.44872158293721587,18478.189293418298,129.0,1079674.5239415544,1500388.5540441875,48.936375230734754,40.54320524473706,28.48969104777535,0.44872158293721587,18478.189293418298,129.0,957225.8527131783,1448292.8746757563,38.862647571911005,30.005784616910894,25.2586017378493,0.48633935456232924,-222128.19379844962,-0.12792035534905932,-0.03597040369344806,0.689922480620155,3159740.6040288853,13996601.822048923,0.689922480620155,3159740.6040288853,13996601.822048923
run_20260811T162732Z_6bbfe89e,fixed_origin_12m_ex_ante,same_month_historical_mean,11.727272727272727,1172003.3734396459,1303273.8881612448,39.203753130294984,35.399214534613094,33.588601366832634,2.882386353106879,2.0220048224490315,-0.38050348679478374,-652860.3784100544,11.727272727272727,1172003.3734396459,1303273.8881612448,39.203753130294984,35.399214534613094,33.588601366832634,2.882386353106879,2.0220048224490315,-0.38050348679478374,-652860.3784100544,11.727272727272727,993304.1338383838,1197335.7019372177,42.23096293998277,31.033470831327975,35.18988122179591,2.7225891601690013,2.0595948409468345,-1.5894142697951255,-161317.6287878788,-1.1789011491149124,-0.9026768450556553,0.6414141414141414,2432071.2910040827,12260202.0916457,0.6414141414141414,2432071.2910040827,12260202.0916457,3.0,11,0.022609499981626868,129.0,1158398.3123959983,1420091.782675032,37.161498835033626,34.69007524534062,30.566998941444737,0.5061485492935477,-700478.7403149784,129.0,1158398.3123959983,1420091.782675032,37.161498835033626,34.69007524534062,30.566998941444737,0.5061485492935477,-700478.7403149784,129.0,957225.8527131783,1448292.8746757563,38.862647571911005,30.005784616910894,25.2586017378493,0.48633935456232924,-222128.19379844962,-0.21016195823860495,0.019471953838782752,0.6434108527131783,2437004.1659287354,11729298.244668763,0.6434108527131783,2437004.1659287354,11729298.244668763
run_20260811T162732Z_6bbfe89e,fixed_origin_12m_ex_ante,extra_trees_recursive_b0,11.727272727272727,1205629.3008956423,1365237.4817490152,39.82438369394743,35.95186183602381,34.27933816364652,2.9635207442503297,2.121876005626353,-0.400036900265683,-691874.5319893479,11.727272727272727,1205629.3008956423,1365237.4817490152,39.82438369394743,35.95186183602381,34.27933816364652,2.9635207442503297,2.121876005626353,-0.400036900265683,-691874.5319893479,11.727272727272727,993304.1338383838,1197335.7019372177,42.23096293998277,31.033470831327975,35.18988122179591,2.7225891601690013,2.0595948409468345,-1.5894142697951255,-161317.6287878788,-1.2077041507539092,-0.9855133712504611,,,,,,,3.0,11,114.84569910017308,129.0,1194032.2005254915,1476061.9976069226,37.83596798244706,35.319587116519536,31.50728088857644,0.4664529742130069,-742014.5280948462,129.0,1194032.2005254915,1476061.9976069226,37.83596798244706,35.319587116519536,31.50728088857644,0.4664529742130069,-742014.5280948462,129.0,957225.8527131783,1448292.8746757563,38.862647571911005,30.005784616910894,25.2586017378493,0.48633935456232924,-222128.19379844962,-0.24738816564670185,-0.019173692984841395,,,,,,
run_20260811T162732Z_6bbfe89e,fixed_origin_12m_ex_ante,sarima_111_111_12,11.727272727272727,1369647.6164185153,1550893.904399928,60.10829338318474,52.88480398257473,49.647339781941106,4.0564809211001,2.818990862402511,-3.081253032708231,140336.12298313642,11.727272727272727,1369647.6164185153,1550893.904399928,60.10829338318474,52.88480398257473,49.647339781941106,4.0564809211001,2.818990862402511,-3.081253032708231,140336.12298313642,11.727272727272727,993304.1338383838,1197335.7019372177,42.23096293998277,31.033470831327975,35.18988122179591,2.7225891601690013,2.0595948409468345,-1.5894142697951255,-161317.6287878788,-0.7474418841807342,-0.5854455881247596,0.7702020202020201,4706312.2995805815,19485497.420913488,0.7702020202020201,4706312.2995805815,19485497.420913488,3.0,11,1.5036126001505181,129.0,1319339.967362272,1851205.6690381684,55.470486027367485,51.896974151481245,34.81381400008644,0.16078575277000318,61439.834544675316,129.0,1319339.967362272,1851205.6690381684,55.470486027367485,51.896974151481245,34.81381400008644,0.16078575277000318,61439.834544675316,129.0,957225.8527131783,1448292.8746757563,38.862647571911005,30.005784616910894,25.2586017378493,0.48633935456232924,-222128.19379844962,-0.378295376814898,-0.27819842340425516,0.7829457364341085,4736987.732819918,18065875.964033235,0.7829457364341085,4736987.732819918,18065875.964033235
run_20260811T162732Z_6bbfe89e,fixed_origin_12m_ex_ante,hist_gradient_boosting_recursive_b0,11.727272727272727,1365226.04730656,1626267.1537622274,40.910114491548136,39.36764672595471,37.456915265011396,3.1978842728082744,2.394319318093893,-0.7227821148024011,-880385.3324762449,11.727272727272727,1365226.04730656,1626267.1537622274,40.910114491548136,39.36764672595471,37.456915265011396,3.1978842728082744,2.394319318093893,-0.7227821148024011,-880385.3324762449,11.727272727272727,993304.1338383838,1197335.7019372177,42.23096293998277,31.033470831327975,35.18988122179591,2.7225891601690013,2.0595948409468345,-1.5894142697951255,-161317.6287878788,-1.3832157310008906,-1.3772033140414606,,,,,,,3.0,11,151.58212410006672,129.0,1356009.6292800982,1827997.2591323562,38.761642457510455,38.801465856690236,35.781427216568886,0.181696166877652,-940552.4892910776,129.0,1356009.6292800982,1827997.2591323562,38.761642457510455,38.801465856690236,35.781427216568886,0.181696166877652,-940552.4892910776,129.0,957225.8527131783,1448292.8746757563,38.862647571911005,30.005784616910894,25.2586017378493,0.48633935456232924,-222128.19379844962,-0.41660364211497214,-0.26217375718402813,,,,,,
run_20260811T162732Z_6bbfe89e,fixed_origin_12m_ex_ante,xgboost_recursive_b0,11.727272727272727,1396131.3290719697,1698171.293693768,39.97878044427611,39.0754092297688,38.823392151848864,3.32876194869998,2.5101462763012528,-0.8909103000639828,-948069.9000946969,11.727272727272727,1396131.3290719697,1698171.293693768,39.97878044427611,39.0754092297688,38.823392151848864,3.32876194869998,2.5101462763012528,-0.8909103000639828,-948069.9000946969,11.727272727272727,993304.1338383838,1197335.7019372177,42.23096293998277,31.033470831327975,35.18988122179591,2.7225891601690013,2.0595948409468345,-1.5894142697951255,-161317.6287878788,-1.4125888310041241,-1.4411761583574458,,,,,,,3.0,11,212.54433949966915,129.0,1384344.5537790698,1885893.7066511877,37.52291849916087,38.40112431547018,36.529109251234956,0.12904056625079674,-1012777.8706395349,129.0,1384344.5537790698,1885893.7066511877,37.52291849916087,38.40112431547018,36.529109251234956,0.12904056625079674,-1012777.8706395349,129.0,957225.8527131783,1448292.8746757563,38.862647571911005,30.005784616910894,25.2586017378493,0.48633935456232924,-222128.19379844962,-0.44620472781346066,-0.3021494061229857,,,,,,
run_20260811T162732Z_6bbfe89e,fixed_origin_12m_ex_ante,ridge_recursive_b0,11.727272727272727,1759312.9009075202,2544148.0332411546,53.88491559697429,45.07177047586031,50.784651568697136,4.2042936779108055,3.4628828155213296,-3.423808861303408,-63713.684949631715,11.727272727272727,1759312.9009075202,2544148.0332411546,53.88491559697429,45.07177047586031,50.784651568697136,4.2042936779108055,3.4628828155213296,-3.423808861303408,-63713.684949631715,11.727272727272727,993304.1338383838,1197335.7019372177,42.23096293998277,31.033470831327975,35.18988122179591,2.7225891601690013,2.0595948409468345,-1.5894142697951255,-161317.6287878788,-1.6540218653800927,-1.7395883963777188,,,,,,,3.0,11,46.55927269998938,129.0,1766040.2759109498,3362605.0771938907,52.54321465105676,44.763863547829594,46.60102718266465,-1.7689507665851454,-95862.7503913172,129.0,1766040.2759109498,3362605.0771938907,52.54321465105676,44.763863547829594,46.60102718266465,-1.7689507665851454,-95862.7503913172,129.0,957225.8527131783,1448292.8746757563,38.862647571911005,30.005784616910894,25.2586017378493,0.48633935456232924,-222128.19379844962,-0.8449567266755837,-1.3217714703917953,,,,,,
run_20260811T162732Z_6bbfe89e,fixed_origin_12m_ex_ante,naive_last,11.727272727272727,2340620.227272727,2630040.035627849,106.43523772687513,56.847174830082615,76.42498696990788,7.251436068378967,5.265017137405848,-5.9979259095650965,1788148.3636363635,11.727272727272727,2340620.227272727,2630040.035627849,106.43523772687513,56.847174830082615,76.42498696990788,7.251436068378967,5.265017137405848,-5.9979259095650965,1788148.3636363635,11.727272727272727,993304.1338383838,1197335.7019372177,42.23096293998277,31.033470831327975,35.18988122179591,2.7225891601690013,2.0595948409468345,-1.5894142697951255,-161317.6287878788,-3.5774816671325325,-3.378869634803334,0.883838383838384,10790570.74446769,12603837.972745014,0.883838383838384,10790570.74446769,12603837.972745014,3.0,11,0.015095900045707822,129.0,2279162.6744186045,2695132.7721346943,100.42941769869351,55.3923529045017,60.14093970167849,-0.778786542232202,1713842.6279069767,129.0,2279162.6744186045,2695132.7721346943,100.42941769869351,55.3923529045017,60.14093970167849,-0.778786542232202,1713842.6279069767,129.0,957225.8527131783,1448292.8746757563,38.862647571911005,30.005784616910894,25.2586017378493,0.48633935456232924,-222128.19379844962,-1.3810082729781112,-0.8609031496741157,0.8914728682170543,10785465.285473377,12327679.702187635,0.8914728682170543,10785465.285473377,12327679.702187635
run_20260811T162732Z_6bbfe89e,fixed_origin_12m_ex_ante,drift,11.727272727272727,2535324.728598569,2834758.416357718,115.69822281251523,59.47545299289921,82.96706698860612,7.990555809788041,5.786338212610734,-7.253601789626418,2104526.4862417835,11.727272727272727,2535324.728598569,2834758.416357718,115.69822281251523,59.47545299289921,82.96706698860612,7.990555809788041,5.786338212610734,-7.253601789626418,2104526.4862417835,11.727272727272727,993304.1338383838,1197335.7019372177,42.23096293998277,31.033470831327975,35.18988122179591,2.7225891601690013,2.0595948409468345,-1.5894142697951255,-161317.6287878788,-4.113011030647605,-3.828945142329309,1.0,21924259.925203245,21924259.925203245,1.0,21924259.925203245,21924259.925203245,3.0,11,0.015940299723297358,129.0,2469144.3020211267,2917869.398548647,109.24706628675568,58.00192102103627,65.1540411087488,-1.084947884152804,2028327.495888603,129.0,2469144.3020211267,2917869.398548647,109.24706628675568,58.00192102103627,65.1540411087488,-1.084947884152804,2028327.495888603,129.0,957225.8527131783,1448292.8746757563,38.862647571911005,30.005784616910894,25.2586017378493,0.48633935456232924,-222128.19379844962,-1.579479330841869,-1.0146956803898517,1.0,21881866.54679338,21881866.546793375,1.0,21881866.54679338,21881866.546793375
run_20260811T162732Z_6bbfe89e,one_step_ex_ante,ridge_recursive_b0,0.9772727272727273,825882.3074640855,825882.3074640855,33.00546586715715,28.822298790496486,33.00546586715715,2.2590904358861645,1.4001939859935926,,65336.49302893965,0.9772727272727273,825882.3074640855,825882.3074640855,33.00546586715715,28.822298790496486,33.00546586715715,2.2590904358861645,1.4001939859935926,,65336.49302893965,0.9772727272727273,896358.4031007752,896358.4031007752,37.898343396956136,28.288824993194282,37.898343396956136,2.4173723953828947,1.4786427004696798,,-174434.0,-1.9052135354620987,-1.9052135354620987,,,,,,,3.0,132,6.145712399855256,129.0,825882.3074640855,1331874.8106804236,33.00546586715715,28.822298790496482,21.792800755896415,0.5655995007420854,65336.493028939665,129.0,825882.3074640855,1331874.8106804236,33.00546586715715,28.822298790496482,21.792800755896415,0.5655995007420854,65336.493028939665,129.0,896358.4031007752,1402065.0252097729,37.89834339695614,28.288824993194286,23.652474339387812,0.5186069490364134,-174434.0,0.07862490650267961,0.05006202513242752,,,,,,
run_20260811T162732Z_6bbfe89e,one_step_ex_ante,seasonal_naive,0.9772727272727273,896358.4031007752,896358.4031007752,37.898343396956136,28.288824993194282,37.898343396956136,2.4173723953828947,1.4786427004696798,,-174434.0,0.9772727272727273,896358.4031007752,896358.4031007752,37.898343396956136,28.288824993194282,37.898343396956136,2.4173723953828947,1.4786427004696798,,-174434.0,0.9772727272727273,896358.4031007752,896358.4031007752,37.898343396956136,28.288824993194282,37.898343396956136,2.4173723953828947,1.4786427004696798,,-174434.0,0.0,0.0,0.7751937984496124,2844516.1284956387,12923508.459463354,0.7751937984496124,2844516.1284956387,12923508.459463354,3.0,132,0.25303799903485924,129.0,896358.4031007752,1402065.0252097729,37.89834339695614,28.288824993194286,23.652474339387812,0.5186069490364134,-174434.0,129.0,896358.4031007752,1402065.0252097729,37.89834339695614,28.288824993194286,23.652474339387812,0.5186069490364134,-174434.0,129.0,896358.4031007752,1402065.0252097729,37.89834339695614,28.288824993194286,23.652474339387812,0.5186069490364134,-174434.0,0.0,0.0,0.7751937984496124,2844516.1284956387,12923508.459463354,0.7751937984496124,2844516.1284956387,12923508.459463354
run_20260811T162732Z_6bbfe89e,one_step_ex_ante,hist_gradient_boosting_recursive_b0,0.9772727272727273,917922.8613285596,917922.8613285596,31.965555987191003,25.194860024405383,31.965555987191003,2.3667922477364796,1.4766193993075143,,-330051.4416928457,0.9772727272727273,917922.8613285596,917922.8613285596,31.965555987191003,25.194860024405383,31.965555987191003,2.3667922477364796,1.4766193993075143,,-330051.4416928457,0.9772727272727273,896358.4031007752,896358.4031007752,37.898343396956136,28.288824993194282,37.898343396956136,2.4173723953828947,1.4786427004696798,,-174434.0,-3.395346452224676,-3.395346452224676,,,,,,,3.0,132,18.185835699783638,129.0,917922.8613285595,1247966.5161779993,31.965555987191003,25.194860024405383,24.221502077746752,0.6186099389601236,-330051.4416928457,129.0,917922.8613285595,1247966.5161779993,31.965555987191003,25.194860024405383,24.221502077746752,0.6186099389601236,-330051.4416928457,129.0,896358.4031007752,1402065.0252097729,37.89834339695614,28.288824993194286,23.652474339387812,0.5186069490364134,-174434.0,-0.024057852476404795,0.10990824695075596,,,,,,
run_20260811T162732Z_6bbfe89e,one_step_ex_ante,seasonal_moving_average_3,0.9772727272727273,1001734.9793281653,1001734.9793281653,36.83046851319508,28.989870782522768,36.83046851319508,2.5202375009922795,1.5640148780268457,,-347654.9173126615,0.9772727272727273,1001734.9793281653,1001734.9793281653,36.83046851319508,28.989870782522768,36.83046851319508,2.5202375009922795,1.5640148780268457,,-347654.9173126615,0.9772727272727273,896358.4031007752,896358.4031007752,37.898343396956136,28.288824993194282,37.898343396956136,2.4173723953828947,1.4786427004696798,,-174434.0,-2.196047865374965,-2.196047865374965,0.7364341085271318,2732226.379750065,11742340.624422021,0.7364341085271318,2732226.379750065,11742340.624422021,3.0,132,3.2255556994350627,129.0,1001734.9793281654,1354536.984142238,36.83046851319507,28.989870782522768,26.433077228331413,0.5506908737132497,-347654.9173126615,129.0,1001734.9793281654,1354536.984142238,36.83046851319507,28.989870782522768,26.433077228331413,0.5506908737132497,-347654.9173126615,129.0,896358.4031007752,1402065.0252097729,37.89834339695614,28.288824993194286,23.652474339387812,0.5186069490364134,-174434.0,-0.11756076125672577,0.033898599717530065,0.7364341085271318,2732226.379750065,11742340.624422021,0.7364341085271318,2732226.379750065,11742340.624422021
run_20260811T162732Z_6bbfe89e,one_step_ex_ante,same_month_historical_mean,0.9772727272727273,1152276.1206510128,1152276.1206510128,37.098478814413674,34.4401613596487,37.098478814413674,2.7717891470271465,1.7168229414464855,,-689168.2257990945,0.9772727272727273,1152276.1206510128,1152276.1206510128,37.098478814413674,34.4401613596487,37.098478814413674,2.7717891470271465,1.7168229414464855,,-689168.2257990945,0.9772727272727273,896358.4031007752,896358.4031007752,37.898343396956136,28.288824993194282,37.898343396956136,2.4173723953828947,1.4786427004696798,,-174434.0,-5.682947019902087,-5.682947019902087,0.6666666666666666,2496023.3632920976,11241959.375502639,0.6666666666666666,2496023.3632920976,11241959.375502639,3.0,132,0.2640941994031891,129.0,1152276.1206510128,1410159.7825359257,37.098478814413674,34.4401613596487,30.405450856830196,0.5130323020164345,-689168.2257990945,129.0,1152276.1206510128,1410159.7825359257,37.098478814413674,34.4401613596487,30.405450856830196,0.5130323020164345,-689168.2257990945,129.0,896358.4031007752,1402065.0252097729,37.89834339695614,28.288824993194286,23.652474339387812,0.5186069490364134,-174434.0,-0.28550824833564414,-0.00577345357070147,0.6666666666666666,2496023.3632920976,11241959.375502639,0.6666666666666666,2496023.3632920976,11241959.375502639
run_20260811T162732Z_6bbfe89e,one_step_ex_ante,naive_last,0.9772727272727273,2424733.434108527,2424733.434108527,78.4728241345929,63.78317419031506,78.4728241345929,6.797672914187119,4.324886043458757,,-93638.51937984496,0.9772727272727273,2424733.434108527,2424733.434108527,78.4728241345929,63.78317419031506,78.4728241345929,6.797672914187119,4.324886043458757,,-93638.51937984496,0.9772727272727273,896358.4031007752,896358.4031007752,37.898343396956136,28.288824993194282,37.898343396956136,2.4173723953828947,1.4786427004696798,,-174434.0,-15.192965722236162,-15.192965722236162,0.7596899224806202,7199416.537798244,15415945.48833552,0.7596899224806202,7199416.537798244,15415945.48833552,3.0,132,0.17169769981410354,129.0,2424733.434108527,2868412.831870792,78.47282413459291,63.78317419031506,63.98215839971303,-1.0148690155200444,-93638.51937984496,129.0,2424733.434108527,2868412.831870792,78.47282413459291,63.78317419031506,63.98215839971303,-1.0148690155200444,-93638.51937984496,129.0,896358.4031007752,1402065.0252097729,37.89834339695614,28.288824993194286,23.652474339387812,0.5186069490364134,-174434.0,-1.7050936608845744,-1.0458486448883697,0.7596899224806202,7199416.537798244,15415945.48833552,0.7596899224806202,7199416.537798244,15415945.48833552
run_20260811T162732Z_6bbfe89e,one_step_ex_ante,drift,0.9772727272727273,2449181.3624142916,2449181.3624142916,80.21394430225726,63.90202758381733,80.21394430225726,6.881451438306858,4.381226688339997,,-22802.008618254844,0.9772727272727273,2449181.3624142916,2449181.3624142916,80.21394430225726,63.90202758381733,80.21394430225726,6.881451438306858,4.381226688339997,,-22802.008618254844,0.9772727272727273,896358.4031007752,896358.4031007752,37.898343396956136,28.288824993194282,37.898343396956136,2.4173723953828947,1.4786427004696798,,-174434.0,-15.46988032457996,-15.46988032457996,1.0,13408425.821892962,13408425.821892962,1.0,13408425.821892962,13408425.821892962,3.0,132,0.1803235998377204,129.0,2449181.3624142916,2908233.0997505295,80.21394430225726,63.90202758381734,64.62727311599497,-1.0711994928663247,-22802.008618254866,129.0,2449181.3624142916,2908233.0997505295,80.21394430225726,63.90202758381734,64.62727311599497,-1.0711994928663247,-22802.008618254866,129.0,896358.4031007752,1402065.0252097729,37.89834339695614,28.288824993194286,23.652474339387812,0.5186069490364134,-174434.0,-1.7323683851702971,-1.0742498011569812,1.0,13408425.821892962,13408425.82189296,1.0,13408425.821892962,13408425.82189296
