run_id,protocol,model,year,support,observations,unique_target_months,folds,support_start,support_end,mae,rmse,mape_pct,smape_pct,wape_pct,bias_forecast_minus_actual,r2,interval_95_observations,interval_95_coverage,interval_95_mean_width,interval_95_median_width,interval_95_winkler
run_20260811T162732Z_6bbfe89e,fixed_origin_12m_ex_ante,drift,2015,model_full_evaluable_support,12,12,1,2015-01-01,2015-12-01,2650953.1583333337,3007225.2743936055,119.50584925221837,62.9237105151529,76.43759044716036,2541239.879166667,-2.288337075442397,12,1.0,20048207.413273893,20407375.68535624,20048207.413273893
run_20260811T162732Z_6bbfe89e,fixed_origin_12m_ex_ante,drift,2016,model_full_evaluable_support,12,12,1,2016-01-01,2016-12-01,3239637.702898551,3369560.844829213,153.53654916126578,80.03327374889044,123.94466652902831,3239637.702898551,-11.082110343401261,12,1.0,20033440.458015203,20392344.17667914,20033440.458015203
run_20260811T162732Z_6bbfe89e,fixed_origin_12m_ex_ante,drift,2017,model_full_evaluable_support,12,12,1,2017-01-01,2017-12-01,1675628.5705128203,1844285.4627693375,75.6462906765892,49.70555862010003,52.06463537511417,1056191.2403846157,-0.41753708567829606,12,1.0,18536374.735454887,18868458.175493333,18536374.735454887
run_20260811T162732Z_6bbfe89e,fixed_origin_12m_ex_ante,drift,2018,model_full_evaluable_support,12,12,1,2018-01-01,2018-12-01,2124738.965517241,2477949.1970132277,84.31534647737217,51.009785577029255,55.87904567686295,1843071.2931034483,-1.1260559998640773,12,1.0,20870774.98416582,21244679.7445046,20870774.98416582
run_20260811T162732Z_6bbfe89e,fixed_origin_12m_ex_ante,drift,2019,model_full_evaluable_support,12,12,1,2019-01-01,2019-12-01,2442521.7395833335,2846193.302699772,87.86287019471276,52.06529652391752,56.518004507208076,2059545.4231770833,-1.004985881714655,12,1.0,22036608.314739,22431399.24880126,22036608.314739
run_20260811T162732Z_6bbfe89e,fixed_origin_12m_ex_ante,drift,2020,model_full_evaluable_support,9,9,1,2020-01-01,2020-12-01,5381083.071428571,5431941.177856754,393.0979534201752,122.83732778300597,306.0086797660114,5381083.071428571,-60.44949913021233,9,1.0,23747175.19682752,25453355.46652706,23747175.19682752
run_20260811T162732Z_6bbfe89e,fixed_origin_12m_ex_ante,drift,2021,model_full_evaluable_support,12,12,1,2021-01-01,2021-12-01,1457503.241051454,1590688.6456400042,98.4317643398439,61.72125867562105,59.57612513253427,280920.02181208064,-0.004057657948971949,12,1.0,18739410.672286343,19075131.548086457,18739410.672286343
run_20260811T162732Z_6bbfe89e,fixed_origin_12m_ex_ante,drift,2022,model_full_evaluable_support,12,12,1,2022-01-01,2022-12-01,1770157.1335403726,1951653.2737377249,54.02532394784368,42.31308830521032,41.351546026034036,316118.5559006212,0.005645519761142914,12,1.0,21386414.225016642,21769556.78160007,21386414.225016642
run_20260811T162732Z_6bbfe89e,fixed_origin_12m_ex_ante,drift,2023,model_full_evaluable_support,12,12,1,2023-01-01,2023-12-01,2441370.2991329483,2920112.8366317716,75.91516266537425,47.232759454466645,51.32753694431766,2192825.49566474,-1.20407810794388,12,1.0,25312172.871121395,25765646.30170607,25312172.871121395
run_20260811T162732Z_6bbfe89e,fixed_origin_12m_ex_ante,drift,2024,model_full_evaluable_support,12,12,1,2024-01-01,2024-12-01,2355477.9752252256,2867437.219853984,66.16384481744956,42.68525328387284,45.419611577707535,2127773.412162162,-1.1372037409290736,12,1.0,25419994.722720593,25875399.80671114,25419994.722720593
run_20260811T162732Z_6bbfe89e,fixed_origin_12m_ex_ante,drift,2025,model_full_evaluable_support,12,12,1,2025-01-01,2025-12-01,2349500.157360406,2875295.3445095047,64.17949598482268,41.70267043462437,44.11029489268854,2111385.252961083,-1.0814001825167998,12,1.0,25036285.58361439,25484816.429642707,25036285.58361439
run_20260811T162732Z_6bbfe89e,fixed_origin_12m_ex_ante,dynamic_harmonic_arima_k2,2015,model_full_evaluable_support,12,12,1,2015-01-01,2015-12-01,505164.9831408824,565352.0453569631,19.749944247599103,17.15233287503622,14.565928473004776,415058.4077645466,0.8837796071847331,12,0.75,1250967.0965574,1252333.4613971896,3107805.27838102
run_20260811T162732Z_6bbfe89e,fixed_origin_12m_ex_ante,dynamic_harmonic_arima_k2,2016,model_full_evaluable_support,12,12,1,2016-01-01,2016-12-01,1276085.8144382928,1414550.9181550334,48.422402080064,38.22459965530729,48.821518094898714,1276085.8144382928,-1.129282877505895,12,0.08333333333333333,1303253.5203601534,1304239.8730027413,27435525.48562883
run_20260811T162732Z_6bbfe89e,fixed_origin_12m_ex_ante,dynamic_harmonic_arima_k2,2017,model_full_evaluable_support,12,12,1,2017-01-01,2017-12-01,1108909.1328384308,1161315.1006399207,41.35759657463866,56.655754209253736,34.45569661520952,-1108909.1328384308,0.43794568004209855,12,0.25,2002491.835012805,2016628.6970194832,8921438.57178914
run_20260811T162732Z_6bbfe89e,fixed_origin_12m_ex_ante,dynamic_harmonic_arima_k2,2018,model_full_evaluable_support,12,12,1,2018-01-01,2018-12-01,321059.34177385445,434648.11012030824,8.011031300614773,8.274318618299784,8.443620564748942,-227127.5643332284,0.9345867850681737,12,1.0,2189222.379033627,2205992.2610606207,2189222.379033627
run_20260811T162732Z_6bbfe89e,fixed_origin_12m_ex_ante,dynamic_harmonic_arima_k2,2019,model_full_evaluable_support,12,12,1,2019-01-01,2019-12-01,501747.5273835091,619100.4411103114,13.859035239371412,12.944237612229069,11.610037509422204,-11633.336730940384,0.9051352730631081,12,0.9166666666666666,2160371.056581273,2175923.5001182994,3295830.7592354193
run_20260811T162732Z_6bbfe89e,fixed_origin_12m_ex_ante,dynamic_harmonic_arima_k2,2020,model_full_evaluable_support,9,9,1,2020-01-01,2020-12-01,3435512.1772772293,3829263.378517509,255.37238362748445,96.95275141715366,195.36894928655352,3435512.1772772293,-29.537867564942218,9,0.1111111111111111,2438645.410796557,2549649.1158930743,91982857.99691668
run_20260811T162732Z_6bbfe89e,fixed_origin_12m_ex_ante,dynamic_harmonic_arima_k2,2021,model_full_evaluable_support,12,12,1,2021-01-01,2021-12-01,2002804.3164959445,2156379.612275782,117.2728346471794,137.94588874116917,81.86556106006616,-2002804.3164959445,-0.8451799415937689,12,0.4166666666666667,3962165.0420220285,4023135.7764933095,16312932.438448837
run_20260811T162732Z_6bbfe89e,fixed_origin_12m_ex_ante,dynamic_harmonic_arima_k2,2022,model_full_evaluable_support,12,12,1,2022-01-01,2022-12-01,1617158.102493101,1712377.6546460958,40.58030396268404,51.681882494303785,37.77743028545221,-1617158.102493101,0.234517952330773,12,0.9166666666666666,4746943.740315525,4825502.175219195,5690758.411491259
run_20260811T162732Z_6bbfe89e,fixed_origin_12m_ex_ante,dynamic_harmonic_arima_k2,2023,model_full_evaluable_support,12,12,1,2023-01-01,2023-12-01,529229.2090561391,684305.9509396222,15.834256947201988,13.77365007509816,11.126551260776905,339506.99818290916,0.8789601581306445,12,1.0,4841318.81073101,4922601.136607113,4841318.81073101
run_20260811T162732Z_6bbfe89e,fixed_origin_12m_ex_ante,dynamic_harmonic_arima_k2,2024,model_full_evaluable_support,12,12,1,2024-01-01,2024-12-01,582544.5926462369,674870.415559698,15.017663177738779,13.479924509811944,11.232942699095284,288450.1198707763,0.8816144026196945,12,1.0,4818969.023793996,4898740.415686851,4818969.023793996
run_20260811T162732Z_6bbfe89e,fixed_origin_12m_ex_ante,dynamic_harmonic_arima_k2,2025,model_full_evaluable_support,12,12,1,2025-01-01,2025-12-01,585163.9791473957,674699.6840570514,14.431677832693074,12.992304027548998,10.98606254607338,270537.514581445,0.8853928587793302,12,1.0,4862524.930805282,4942161.78073354,4862524.930805282
run_20260811T162732Z_6bbfe89e,fixed_origin_12m_ex_ante,ets_holt_winters,2015,model_full_evaluable_support,12,12,1,2015-01-01,2015-12-01,100443.29723306191,131261.02370457997,3.041007265924923,3.003719485443419,2.8961823006673386,50942.473378495626,0.9937350735387489,12,1.0,1761903.9250168775,1841565.277930147,1761903.9250168775
run_20260811T162732Z_6bbfe89e,fixed_origin_12m_ex_ante,ets_holt_winters,2016,model_full_evaluable_support,12,12,1,2016-01-01,2016-12-01,943626.8865475863,1200023.4831405324,30.927261618670208,25.574611219010816,36.10203686551809,943626.8865475863,-0.5324124844324578,12,0.5,1703556.669317878,1780579.9548190923,14966687.764371231
run_20260811T162732Z_6bbfe89e,fixed_origin_12m_ex_ante,ets_holt_winters,2017,model_full_evaluable_support,12,12,1,2017-01-01,2017-12-01,248134.1607700015,266115.43976036244,8.554416644055147,8.449491778421544,7.709951257662232,26435.081012480485,0.9704866648976412,12,1.0,2566334.842342751,2682367.1087261336,2566334.842342751
run_20260811T162732Z_6bbfe89e,fixed_origin_12m_ex_ante,ets_holt_winters,2018,model_full_evaluable_support,12,12,1,2018-01-01,2018-12-01,753522.0085475341,804228.5397791617,21.05103584174381,23.674071266804944,19.817065257189828,-753522.0085475341,0.7760511353945524,12,0.9166666666666666,2480373.884463819,2592519.5789943743,2607911.060844949
run_20260811T162732Z_6bbfe89e,fixed_origin_12m_ex_ante,ets_holt_winters,2019,model_full_evaluable_support,12,12,1,2019-01-01,2019-12-01,858321.0479146055,1024903.8738534353,18.06254777460904,20.052588994871005,19.86086431433138,-858321.0479146055,0.7400146937605703,12,0.75,2394141.7905271226,2502388.6542701377,4381985.429282258
run_20260811T162732Z_6bbfe89e,fixed_origin_12m_ex_ante,ets_holt_winters,2020,model_full_evaluable_support,9,9,1,2020-01-01,2020-12-01,2047945.4003580166,2617339.3700841246,155.84373237425214,68.94799648742536,116.46151153545726,1972704.3976427105,-13.266856940169777,9,0.4444444444444444,2545733.407538517,2872069.731614923,41715415.62556823
run_20260811T162732Z_6bbfe89e,fixed_origin_12m_ex_ante,ets_holt_winters,2021,model_full_evaluable_support,12,12,1,2021-01-01,2021-12-01,1413827.6402959453,1658798.3312854278,106.07264600279397,57.00950675594796,57.79086457011406,1413827.6402959453,-0.09188140595237848,12,0.8333333333333334,5856830.922590577,6121637.118009754,8354372.414777432
run_20260811T162732Z_6bbfe89e,fixed_origin_12m_ex_ante,ets_holt_winters,2022,model_full_evaluable_support,12,12,1,2022-01-01,2022-12-01,1940506.6942498044,2030574.4410564026,49.15268312570788,66.30682877619414,45.330976759452646,-1940506.6942498044,-0.07640011830324323,12,0.6666666666666666,4276030.999226711,4469364.137124235,8093085.700874489
run_20260811T162732Z_6bbfe89e,fixed_origin_12m_ex_ante,ets_holt_winters,2023,model_full_evaluable_support,12,12,1,2023-01-01,2023-12-01,1129943.1884102004,1269234.6792050046,22.827870003289775,25.932326511126877,23.75600324485898,-1129943.1884102004,0.5835991823142394,12,0.9166666666666666,4264460.078050987,4457270.057323218,4427744.895264639
run_20260811T162732Z_6bbfe89e,fixed_origin_12m_ex_ante,ets_holt_winters,2024,model_full_evaluable_support,12,12,1,2024-01-01,2024-12-01,1050078.0841781034,1184047.695902365,19.053532511003148,21.26276584604696,20.2481785910447,-1050078.0841781034,0.6355847999769404,12,1.0,4360867.757210814,4558036.638261998,4360867.757210814
run_20260811T162732Z_6bbfe89e,fixed_origin_12m_ex_ante,ets_holt_winters,2025,model_full_evaluable_support,12,12,1,2025-01-01,2025-12-01,1039309.2119946638,1199967.5585536596,17.91661211965653,20.001828013522278,19.512335711982676,-1039309.2119946638,0.6374819160979782,12,1.0,4206105.517126579,4396277.098693978,4206105.517126579
run_20260811T162732Z_6bbfe89e,fixed_origin_12m_ex_ante,extra_trees_recursive_b0,2015,model_full_evaluable_support,12,12,1,2015-01-01,2015-12-01,498125.04718831857,578806.8190123801,14.444135298512286,15.675898391068321,14.36293894094732,-498125.04718831857,0.878181939279259,0,,,,
run_20260811T162732Z_6bbfe89e,fixed_origin_12m_ex_ante,extra_trees_recursive_b0,2016,model_full_evaluable_support,12,12,1,2016-01-01,2016-12-01,561067.757694445,728316.6324409551,18.418551162650466,16.442851388535047,21.46578182659375,490550.35675000044,0.43553548162165734,0,,,,
run_20260811T162732Z_6bbfe89e,fixed_origin_12m_ex_ante,extra_trees_recursive_b0,2017,model_full_evaluable_support,12,12,1,2017-01-01,2017-12-01,419799.41269113653,549160.9441025187,12.59194543401472,13.739052214825927,13.043883195284698,-419799.41269113653,0.8743167421264526,0,,,,
run_20260811T162732Z_6bbfe89e,fixed_origin_12m_ex_ante,extra_trees_recursive_b0,2018,model_full_evaluable_support,12,12,1,2018-01-01,2018-12-01,832805.9454715523,898788.1096417108,22.623814721264637,25.607731900120445,21.90217350094072,-832805.9454715523,0.7202922241648337,0,,,,
run_20260811T162732Z_6bbfe89e,fixed_origin_12m_ex_ante,extra_trees_recursive_b0,2019,model_full_evaluable_support,12,12,1,2019-01-01,2019-12-01,1270532.9279234137,1425633.111580691,28.773661534611833,33.73689148185608,29.39911837148331,-1270532.9279234137,0.4969651411703836,0,,,,
run_20260811T162732Z_6bbfe89e,fixed_origin_12m_ex_ante,extra_trees_recursive_b0,2020,model_full_evaluable_support,9,9,1,2020-01-01,2020-12-01,1704304.6168121148,2139242.682539807,125.32625928846383,63.139674774707565,96.91952322366524,1464145.3005470799,-8.53077771955448,0,,,,
run_20260811T162732Z_6bbfe89e,fixed_origin_12m_ex_ante,extra_trees_recursive_b0,2021,model_full_evaluable_support,12,12,1,2021-01-01,2021-12-01,863745.9437200762,1072769.6265218225,67.78432698844324,42.822476825349206,35.306018522925214,567488.4824455199,0.5433313188308782,0,,,,
run_20260811T162732Z_6bbfe89e,fixed_origin_12m_ex_ante,extra_trees_recursive_b0,2022,model_full_evaluable_support,12,12,1,2022-01-01,2022-12-01,1340740.1041076235,1483269.0505718088,31.853330709666988,38.35875897167927,31.320200378522827,-1340740.1041076235,0.4256511233720718,0,,,,
run_20260811T162732Z_6bbfe89e,fixed_origin_12m_ex_ante,extra_trees_recursive_b0,2023,model_full_evaluable_support,12,12,1,2023-01-01,2023-12-01,1752045.1151980953,1877139.497444991,37.77732012067321,46.85163402122503,36.83511690560809,-1752045.1151980953,0.08920463904579501,0,,,,
run_20260811T162732Z_6bbfe89e,fixed_origin_12m_ex_ante,extra_trees_recursive_b0,2024,model_full_evaluable_support,12,12,1,2024-01-01,2024-12-01,2102495.662381155,2217700.170347512,41.6725266907249,53.18415384122655,40.54146858241627,-2102495.662381155,-0.27839113110087643,0,,,,
run_20260811T162732Z_6bbfe89e,fixed_origin_12m_ex_ante,extra_trees_recursive_b0,2025,model_full_evaluable_support,12,12,1,2025-01-01,2025-12-01,1916259.7766641316,2046785.6550349703,36.80234868439566,45.911356385668476,35.9764963517243,-1916259.7766641316,-0.05471566187848964,0,,,,
run_20260811T162732Z_6bbfe89e,fixed_origin_12m_ex_ante,hist_gradient_boosting_recursive_b0,2015,model_full_evaluable_support,12,12,1,2015-01-01,2015-12-01,495411.49283854826,726941.2302339359,11.137264282805576,12.09574003842556,14.284696307579079,-425519.51551067526,0.8078488416901785,0,,,,
run_20260811T162732Z_6bbfe89e,fixed_origin_12m_ex_ante,hist_gradient_boosting_recursive_b0,2016,model_full_evaluable_support,12,12,1,2016-01-01,2016-12-01,372205.4044947168,497518.7614778043,13.73526066655887,12.623188175150839,14.240133919642933,286877.7801220104,0.7366003962773469,0,,,,
run_20260811T162732Z_6bbfe89e,fixed_origin_12m_ex_ante,hist_gradient_boosting_recursive_b0,2017,model_full_evaluable_support,12,12,1,2017-01-01,2017-12-01,517422.7636648266,712773.8345151616,13.807573184287424,14.869573439465329,16.077207084591752,-347172.3165659169,0.7882703688308179,0,,,,
run_20260811T162732Z_6bbfe89e,fixed_origin_12m_ex_ante,hist_gradient_boosting_recursive_b0,2018,model_full_evaluable_support,12,12,1,2018-01-01,2018-12-01,790536.0309035148,1002065.3366469527,20.028525894032914,22.788720264400098,20.790506361947266,-790536.0309035148,0.6523181804831077,0,,,,
run_20260811T162732Z_6bbfe89e,fixed_origin_12m_ex_ante,hist_gradient_boosting_recursive_b0,2019,model_full_evaluable_support,12,12,1,2019-01-01,2019-12-01,1510853.8094335275,1835698.747968878,32.09774482413641,38.942488975545665,34.95995185118117,-1510853.8094335275,0.16596292317135253,0,,,,
run_20260811T162732Z_6bbfe89e,fixed_origin_12m_ex_ante,hist_gradient_boosting_recursive_b0,2020,model_full_evaluable_support,9,9,1,2020-01-01,2020-12-01,1761532.0224444224,2206277.601448903,133.2944119551681,63.713424104327274,100.17390205623867,1706802.4105615553,-9.137445737292962,0,,,,
run_20260811T162732Z_6bbfe89e,fixed_origin_12m_ex_ante,hist_gradient_boosting_recursive_b0,2021,model_full_evaluable_support,12,12,1,2021-01-01,2021-12-01,688247.9416087164,817617.820904677,49.79065735843795,35.40665154521744,28.132455789196076,268213.1093093758,0.7347294802221196,0,,,,
run_20260811T162732Z_6bbfe89e,fixed_origin_12m_ex_ante,hist_gradient_boosting_recursive_b0,2022,model_full_evaluable_support,12,12,1,2022-01-01,2022-12-01,2050727.3059491254,2333509.6100163455,47.2989910607563,62.90899645170796,47.90577230236943,-2050727.3059491254,-0.4215269365547891,0,,,,
run_20260811T162732Z_6bbfe89e,fixed_origin_12m_ex_ante,hist_gradient_boosting_recursive_b0,2023,model_full_evaluable_support,12,12,1,2023-01-01,2023-12-01,2687773.9389748513,3078096.7626237194,53.666640634113115,74.75906253621075,56.50794400165399,-2687773.9389748513,-1.449019540604941,0,,,,
run_20260811T162732Z_6bbfe89e,fixed_origin_12m_ex_ante,hist_gradient_boosting_recursive_b0,2024,model_full_evaluable_support,12,12,1,2024-01-01,2024-12-01,2313300.0092571084,2540333.196903184,43.42872910794166,56.05452745561107,44.606313023631074,-2313300.0092571084,-0.6774108835932053,0,,,,
run_20260811T162732Z_6bbfe89e,fixed_origin_12m_ex_ante,hist_gradient_boosting_recursive_b0,2025,model_full_evaluable_support,12,12,1,2025-01-01,2025-12-01,1829475.8008028008,2138105.7886449387,31.725460438791096,38.881740999439806,34.347185217093866,-1820249.030636916,-0.1509303554554371,0,,,,
run_20260811T162732Z_6bbfe89e,fixed_origin_12m_ex_ante,naive_last,2015,model_full_evaluable_support,12,12,1,2015-01-01,2015-12-01,2236642.0833333335,2619606.566056167,103.33001767611638,56.778123149767765,64.49134380412909,2027854.4166666667,-1.4952642485109853,12,0.8333333333333334,10166077.77095737,10348205.405193232,12004344.17762806
run_20260811T162732Z_6bbfe89e,fixed_origin_12m_ex_ante,naive_last,2016,model_full_evaluable_support,12,12,1,2016-01-01,2016-12-01,2801544.5833333335,2964520.8049466303,135.289812551524,73.51898643123552,107.18374737915231,2801544.5833333335,-8.352015049139968,12,0.8333333333333334,10478647.65999337,10666375.056075057,11443920.977400983
run_20260811T162732Z_6bbfe89e,fixed_origin_12m_ex_ante,naive_last,2017,model_full_evaluable_support,12,12,1,2017-01-01,2017-12-01,1566313.4166666667,1741845.650205049,69.1975884895693,47.39855922172441,48.66802724480958,796567.75,-0.2644378288107896,12,1.0,10419543.187059568,10606211.712840367,10419543.187059568
run_20260811T162732Z_6bbfe89e,fixed_origin_12m_ex_ante,naive_last,2018,model_full_evaluable_support,12,12,1,2018-01-01,2018-12-01,1982182.0,2269713.9850696316,77.3447532924472,48.8728998794206,52.12990410372215,1504498.5,-0.783742542239386,12,1.0,10385568.298733847,10571628.156533385,10385568.298733847
run_20260811T162732Z_6bbfe89e,fixed_origin_12m_ex_ante,naive_last,2019,model_full_evaluable_support,12,12,1,2019-01-01,2019-12-01,2291002.3333333335,2632350.883009457,81.16356325668329,50.0776799656839,53.011966322742275,1699686.8333333333,-0.7150235638572084,12,0.8333333333333334,10482261.583835153,10670053.724198211,12271158.944252132
run_20260811T162732Z_6bbfe89e,fixed_origin_12m_ex_ante,naive_last,2020,model_full_evaluable_support,9,9,1,2020-01-01,2020-12-01,4983295.0,5031241.940114091,364.68549893868476,119.40451763006192,283.3874711824002,4983295.0,-51.71796465783033,9,0.5555555555555556,11010105.481223263,11801156.399223968,24478643.606712356
run_20260811T162732Z_6bbfe89e,fixed_origin_12m_ex_ante,naive_last,2021,model_full_evaluable_support,12,12,1,2021-01-01,2021-12-01,1439521.0833333333,1598534.0221917655,95.30666813410905,61.170524011912185,58.841096044300556,187739.75,-0.013986233068652432,12,1.0,10957997.347104145,11154312.403683044,10957997.347104145
run_20260811T162732Z_6bbfe89e,fixed_origin_12m_ex_ante,naive_last,2022,model_full_evaluable_support,12,12,1,2022-01-01,2022-12-01,1763462.8333333333,1961194.5220928495,51.95118299855813,42.22477608226141,41.195164619051354,125331.0,-0.004100652010518013,12,1.0,10948422.465060337,11144565.985413168,10948422.465060337
run_20260811T162732Z_6bbfe89e,fixed_origin_12m_ex_ante,naive_last,2023,model_full_evaluable_support,12,12,1,2023-01-01,2023-12-01,2305876.5833333335,2729270.165029701,71.07588566506217,45.54906592892495,48.47890775197535,1892128.75,-0.9253991226389728,12,0.9166666666666666,11051296.195069589,11249282.722085733,11890318.299662458
run_20260811T162732Z_6bbfe89e,fixed_origin_12m_ex_ante,naive_last,2024,model_full_evaluable_support,12,12,1,2024-01-01,2024-12-01,2188656.4166666665,2681065.9044437436,61.53491852924912,40.607129441577364,42.202867259903826,1827823.75,-0.8684138105741803,12,0.8333333333333334,11290617.301925046,11492891.321915008,11946523.452648995
run_20260811T162732Z_6bbfe89e,fixed_origin_12m_ex_ante,naive_last,2025,model_full_evaluable_support,12,12,1,2025-01-01,2025-12-01,2188326.1666666665,2701095.948747255,59.90772546362303,39.71666138833871,41.08436095680001,1823161.6666666667,-0.8368372965350639,12,0.9166666666666666,11505740.898182916,11711868.907148514,11895776.943932286
run_20260811T162732Z_6bbfe89e,fixed_origin_12m_ex_ante,ridge_recursive_b0,2015,model_full_evaluable_support,12,12,1,2015-01-01,2015-12-01,342592.12483689486,427882.67673686176,14.138803963142168,12.435597181809309,9.878302242491843,299861.67828776344,0.9334276616910779,0,,,,
run_20260811T162732Z_6bbfe89e,fixed_origin_12m_ex_ante,ridge_recursive_b0,2016,model_full_evaluable_support,12,12,1,2016-01-01,2016-12-01,1383061.5239469905,1511891.0945301473,52.76848001343149,41.03577455296474,52.91428088436084,1383061.5239469905,-1.4324124058243308,0,,,,
run_20260811T162732Z_6bbfe89e,fixed_origin_12m_ex_ante,ridge_recursive_b0,2017,model_full_evaluable_support,12,12,1,2017-01-01,2017-12-01,480435.5235917692,614769.0601905858,17.477283914706465,15.646592259407738,14.927950500033651,282015.16543238366,0.8424921698961343,0,,,,
run_20260811T162732Z_6bbfe89e,fixed_origin_12m_ex_ante,ridge_recursive_b0,2018,model_full_evaluable_support,12,12,1,2018-01-01,2018-12-01,599331.820196032,754076.0690740567,17.741731019397935,16.236765354158624,15.761978624126538,378853.7848804325,0.8031115590252759,0,,,,
run_20260811T162732Z_6bbfe89e,fixed_origin_12m_ex_ante,ridge_recursive_b0,2019,model_full_evaluable_support,12,12,1,2019-01-01,2019-12-01,1181896.0943750811,1515475.8179340048,23.996992473012515,28.040388948410243,27.348132754117273,-1130129.4633559843,0.43156533373364825,0,,,,
run_20260811T162732Z_6bbfe89e,fixed_origin_12m_ex_ante,ridge_recursive_b0,2020,model_full_evaluable_support,9,9,1,2020-01-01,2020-12-01,1470035.7757600436,1842272.6022437443,111.57805627142798,58.31176838118151,83.59724259557115,1318696.1290428475,-6.068316983885632,0,,,,
run_20260811T162732Z_6bbfe89e,fixed_origin_12m_ex_ante,ridge_recursive_b0,2021,model_full_evaluable_support,12,12,1,2021-01-01,2021-12-01,3195243.7917904123,8003506.595899704,146.89634066008568,52.366204382370476,130.60708107333713,2886285.729037234,-24.418440695881984,0,,,,
run_20260811T162732Z_6bbfe89e,fixed_origin_12m_ex_ante,ridge_recursive_b0,2022,model_full_evaluable_support,12,12,1,2022-01-01,2022-12-01,3751805.190373741,5199401.561745141,82.71300380096461,102.64520903234306,87.6436007125323,721179.764549245,-6.057365768857652,0,,,,
run_20260811T162732Z_6bbfe89e,fixed_origin_12m_ex_ante,ridge_recursive_b0,2023,model_full_evaluable_support,12,12,1,2023-01-01,2023-12-01,1874311.374405531,2301887.251392927,35.225929210957624,45.77709934209963,39.40565114154189,-1857341.7848306575,-0.3696065030343394,0,,,,
run_20260811T162732Z_6bbfe89e,fixed_origin_12m_ex_ante,ridge_recursive_b0,2024,model_full_evaluable_support,12,12,1,2024-01-01,2024-12-01,2540429.599587809,2932391.0515704644,45.53488899170644,62.296354177247885,48.98594971695988,-2540429.599587809,-1.235125227905876,0,,,,
run_20260811T162732Z_6bbfe89e,fixed_origin_12m_ex_ante,ridge_recursive_b0,2025,model_full_evaluable_support,12,12,1,2025-01-01,2025-12-01,2533299.0911184163,2882074.5843350673,44.662561247884256,60.99772162247029,47.56099701059604,-2442903.461848394,-1.0912266132938124,0,,,,
run_20260811T162732Z_6bbfe89e,fixed_origin_12m_ex_ante,same_month_historical_mean,2015,model_full_evaluable_support,12,12,1,2015-01-01,2015-12-01,514439.34126984136,569090.2125909185,15.68201383905218,17.14303692287702,14.833345340063772,-514439.34126984136,0.88223760309484,12,0.8333333333333334,1370715.0129033234,1370715.0129033234,3015671.6365589127
run_20260811T162732Z_6bbfe89e,fixed_origin_12m_ex_ante,same_month_historical_mean,2016,model_full_evaluable_support,12,12,1,2016-01-01,2016-12-01,554110.474702381,688624.7130898595,19.16604494471068,17.740918492776647,21.199604494595196,407803.55803571426,0.4953835537425755,12,0.6666666666666666,1491483.1866730412,1491483.186673041,5971394.442186101
run_20260811T162732Z_6bbfe89e,fixed_origin_12m_ex_ante,same_month_historical_mean,2017,model_full_evaluable_support,12,12,1,2017-01-01,2017-12-01,284778.32754629635,356438.6044929989,8.998816440106665,9.575678790822368,8.848547970207404,-228119.494212963,0.9470522373891747,12,1.0,1640293.1981357916,1640293.1981357913,1640293.1981357916
run_20260811T162732Z_6bbfe89e,fixed_origin_12m_ex_ante,same_month_historical_mean,2018,model_full_evaluable_support,12,12,1,2018-01-01,2018-12-01,802933.9925925927,853247.7819255926,22.478185207816523,25.475051558879247,21.11656348179461,-802933.9925925927,0.7479189268188429,12,0.6666666666666666,1615767.3171395361,1615767.3171395361,6662975.573246335
run_20260811T162732Z_6bbfe89e,fixed_origin_12m_ex_ante,same_month_historical_mean,2019,model_full_evaluable_support,12,12,1,2019-01-01,2019-12-01,1259173.575757576,1380861.0225512031,29.578672328761208,34.775974037308806,29.136272024405436,-1259173.575757576,0.5280646859146663,12,0.3333333333333333,1775467.8649467856,1775467.8649467854,19061230.27171691
run_20260811T162732Z_6bbfe89e,fixed_origin_12m_ex_ante,same_month_historical_mean,2020,model_full_evaluable_support,9,9,1,2020-01-01,2020-12-01,1757020.998316498,2178158.751587586,127.0206878265335,65.89220397332963,99.91737144345029,1394729.1835016834,-8.880690356693268,9,0.5555555555555556,2219957.6692440286,2219957.669244028,35089067.51165401
run_20260811T162732Z_6bbfe89e,fixed_origin_12m_ex_ante,same_month_historical_mean,2021,model_full_evaluable_support,12,12,1,2021-01-01,2021-12-01,864786.9209401709,1074834.3658086471,64.69780250796792,42.040916001321676,35.348568952576215,675462.9764957264,0.5415717441071293,12,0.8333333333333334,2952786.461226957,2952786.461226957,7544011.868248209
run_20260811T162732Z_6bbfe89e,fixed_origin_12m_ex_ante,same_month_historical_mean,2022,model_full_evaluable_support,12,12,1,2022-01-01,2022-12-01,1237708.2005494505,1375461.084078353,28.808810039951773,33.858659135069814,28.913335800566124,-1237708.2005494505,0.5061073980976643,12,0.6666666666666666,3101128.4667752516,3101128.466775251,9165099.677284563
run_20260811T162732Z_6bbfe89e,fixed_origin_12m_ex_ante,same_month_historical_mean,2023,model_full_evaluable_support,12,12,1,2023-01-01,2023-12-01,1645493.525793651,1737892.2010554986,35.877687279933895,43.94207829110625,34.594968967552674,-1645493.525793651,0.2193194082073866,12,0.5833333333333334,3212531.217061646,3212531.2170616454,14120200.805039993
run_20260811T162732Z_6bbfe89e,fixed_origin_12m_ex_ante,same_month_historical_mean,2024,model_full_evaluable_support,12,12,1,2024-01-01,2024-12-01,1971720.7687500005,2045234.957018377,39.758050431032075,49.904695074473715,38.019795726496184,-1971720.7687500005,-0.08728777107621388,12,0.4166666666666667,3513665.3143872074,3513665.314387207,17806665.535425354
run_20260811T162732Z_6bbfe89e,fixed_origin_12m_ex_ante,same_month_historical_mean,2025,model_full_evaluable_support,12,12,1,2025-01-01,2025-12-01,1999870.981617647,2076169.0755746574,39.17451358737845,49.04214760277887,37.54624083345104,-1999870.981617647,-0.08521578434541799,12,0.5,3858988.492551344,3858988.4925513454,14785612.48860652
run_20260811T162732Z_6bbfe89e,fixed_origin_12m_ex_ante,sarima_111_111_12,2015,model_full_evaluable_support,12,12,1,2015-01-01,2015-12-01,446927.24668736715,490237.4213556962,15.812611016711697,14.29554779285182,12.886701424571308,446927.24668736715,0.912610888862604,12,0.9166666666666666,1258405.0053861383,1145158.66047406,1443701.8745376125
run_20260811T162732Z_6bbfe89e,fixed_origin_12m_ex_ante,sarima_111_111_12,2016,model_full_evaluable_support,12,12,1,2016-01-01,2016-12-01,901849.4857115921,1168322.3929917724,29.04013968962386,24.10388465944837,34.503683441481215,901849.4857115921,-0.4525182358268782,12,0.4166666666666667,1089444.3451832123,991586.4848325765,22220994.583202086
run_20260811T162732Z_6bbfe89e,fixed_origin_12m_ex_ante,sarima_111_111_12,2017,model_full_evaluable_support,12,12,1,2017-01-01,2017-12-01,2807919.7929673283,2941456.6375980657,99.6127481237064,151.22929059845828,87.24685336361152,-2807919.7929673283,-2.6058117090268476,12,0.0,2424963.5857047183,2324876.24344455,66242483.59030349
run_20260811T162732Z_6bbfe89e,fixed_origin_12m_ex_ante,sarima_111_111_12,2018,model_full_evaluable_support,12,12,1,2018-01-01,2018-12-01,736261.3479082718,840399.9578341205,26.62111940242146,22.027093971956408,19.363122791820032,736261.3479082718,0.7554532209698952,12,1.0,3368041.5222146977,3277098.096069333,3368041.5222146977
run_20260811T162732Z_6bbfe89e,fixed_origin_12m_ex_ante,sarima_111_111_12,2019,model_full_evaluable_support,12,12,1,2019-01-01,2019-12-01,460064.5850946983,562258.8506002495,16.249779215106457,14.217404796570095,10.645527477853525,309254.62131336605,0.9217552630258146,12,1.0,3304833.9219056927,3222124.0415670415,3304833.9219056927
run_20260811T162732Z_6bbfe89e,fixed_origin_12m_ex_ante,sarima_111_111_12,2020,model_full_evaluable_support,9,9,1,2020-01-01,2020-12-01,3532876.525836963,4104414.8622687976,259.5340096833266,95.36148671959506,200.9058152601041,3532876.525836963,-34.08413178959589,9,0.2222222222222222,3387268.6702891192,3428491.302795712,80529220.06676446
run_20260811T162732Z_6bbfe89e,fixed_origin_12m_ex_ante,sarima_111_111_12,2021,model_full_evaluable_support,12,12,1,2021-01-01,2021-12-01,2480504.2452391624,2681758.996282429,120.14561803829926,170.96967905025235,101.39176856961363,-2480504.2452391624,-1.8538279237700377,12,0.9166666666666666,6810674.877507281,6808245.09033706,7105392.703924806
run_20260811T162732Z_6bbfe89e,fixed_origin_12m_ex_ante,sarima_111_111_12,2022,model_full_evaluable_support,12,12,1,2022-01-01,2022-12-01,1322527.21813518,1486893.9377292169,31.262013078338796,38.181569144888066,30.894740413254024,-1322527.21813518,0.42284044805647825,12,1.0,7706794.406000261,7737336.7311731335,7706794.406000261
run_20260811T162732Z_6bbfe89e,fixed_origin_12m_ex_ante,sarima_111_111_12,2023,model_full_evaluable_support,12,12,1,2023-01-01,2023-12-01,1494540.3166135673,1701277.8774168873,40.64865983831243,31.132161771004323,31.42131832397527,1494540.3166135673,0.2518680134979786,12,1.0,7411333.085707751,7437355.208760805,7411333.085707751
run_20260811T162732Z_6bbfe89e,fixed_origin_12m_ex_ante,sarima_111_111_12,2024,model_full_evaluable_support,12,12,1,2024-01-01,2024-12-01,570598.4312793853,686360.5715685746,14.232176276325967,12.75840704446223,11.002590297232928,443218.90815358167,0.877548885056093,12,1.0,7566465.116044153,7588431.392563876,7566465.116044153
run_20260811T162732Z_6bbfe89e,fixed_origin_12m_ex_ante,sarima_111_111_12,2025,model_full_evaluable_support,12,12,1,2025-01-01,2025-12-01,312054.5851301513,396451.4427533985,8.032352852859146,7.456318258835098,5.858616237834569,289720.1569314617,0.9604295789602451,12,1.0,7441210.759443368,7452115.072628811,7441210.759443368
run_20260811T162732Z_6bbfe89e,fixed_origin_12m_ex_ante,seasonal_moving_average_3,2015,model_full_evaluable_support,12,12,1,2015-01-01,2015-12-01,240853.66666666672,294741.9601533782,7.806491906918678,8.2253332342751,6.944775267903328,-240853.66666666672,0.9684115483866188,12,0.9166666666666666,950508.4383307063,950508.4383307062,1881354.3744461958
run_20260811T162732Z_6bbfe89e,fixed_origin_12m_ex_ante,seasonal_moving_average_3,2016,model_full_evaluable_support,12,12,1,2016-01-01,2016-12-01,779829.0277777776,1028594.0901559606,24.800525969263497,20.84917827324129,29.83532655861296,760291.75,-0.12585961562807868,12,0.4166666666666667,913424.6866835285,913424.6866835288,19775740.008709032
run_20260811T162732Z_6bbfe89e,fixed_origin_12m_ex_ante,seasonal_moving_average_3,2017,model_full_evaluable_support,12,12,1,2017-01-01,2017-12-01,255885.66666666672,287715.1032431279,8.224135138419562,8.26214920878712,7.950803756372258,-11033.27777777779,0.9655012416844232,12,1.0,1800839.4337085572,1800839.4337085579,1800839.4337085572
run_20260811T162732Z_6bbfe89e,fixed_origin_12m_ex_ante,seasonal_moving_average_3,2018,model_full_evaluable_support,12,12,1,2018-01-01,2018-12-01,700931.8333333334,766055.6458674816,18.49204993370989,20.40412421934087,18.433982981841638,-700931.8333333334,0.7968061596570527,12,0.6666666666666666,1793618.590839454,1793618.590839454,4229075.763020864
run_20260811T162732Z_6bbfe89e,fixed_origin_12m_ex_ante,seasonal_moving_average_3,2019,model_full_evaluable_support,12,12,1,2019-01-01,2019-12-01,1152914.0277777778,1309994.5242158703,25.555925130377073,29.44802642606588,26.677510853796324,-1152914.0277777778,0.5752616313377816,12,0.5,1855947.6946498828,1855947.694649883,17329066.303706612
run_20260811T162732Z_6bbfe89e,fixed_origin_12m_ex_ante,seasonal_moving_average_3,2020,model_full_evaluable_support,9,9,1,2020-01-01,2020-12-01,2119796.9629629627,2750918.16576996,155.8232019387658,69.65048495306127,120.54752944672272,1918319.6296296294,-14.760267083368381,9,0.4444444444444444,2183034.079132069,2183034.079132069,49768175.42210909
run_20260811T162732Z_6bbfe89e,fixed_origin_12m_ex_ante,seasonal_moving_average_3,2021,model_full_evaluable_support,12,12,1,2021-01-01,2021-12-01,1049228.25,1345136.9559661564,84.59935278934479,47.637159940215554,42.88769434879301,1049228.25,0.2820051985452815,12,0.8333333333333334,3520809.530588936,3520809.530588936,9138575.539736928
run_20260811T162732Z_6bbfe89e,fixed_origin_12m_ex_ante,seasonal_moving_average_3,2022,model_full_evaluable_support,12,12,1,2022-01-01,2022-12-01,1260935.7222222222,1494707.0967071701,27.351374958712704,32.246298585403274,29.4559395690809,-1260935.7222222222,0.4167589286401636,12,0.75,3851530.18145223,3851530.1814522306,9197868.163079962
run_20260811T162732Z_6bbfe89e,fixed_origin_12m_ex_ante,seasonal_moving_average_3,2023,model_full_evaluable_support,12,12,1,2023-01-01,2023-12-01,1751499.6944444447,1935117.5460235903,36.562612482312716,45.00335117262467,36.823649942201044,-1751499.6944444447,0.03207342099862753,12,0.6666666666666666,3965123.62141381,3965123.6214138092,14524879.478655076
run_20260811T162732Z_6bbfe89e,fixed_origin_12m_ex_ante,seasonal_moving_average_3,2024,model_full_evaluable_support,12,12,1,2024-01-01,2024-12-01,1577301.7499999998,1655761.245027699,32.880523996753446,40.01688266168025,30.414392993417074,-1577301.7499999998,0.28738736917455787,12,0.75,4240860.749117508,4240860.749117507,6705324.78130775
run_20260811T162732Z_6bbfe89e,fixed_origin_12m_ex_ante,seasonal_moving_average_3,2025,model_full_evaluable_support,12,12,1,2025-01-01,2025-12-01,720556.6666666669,802212.752824452,14.854757336327495,16.376282689694133,13.527969748794442,-720556.6666666669,0.837979566664718,12,1.0,4302804.568966712,4302804.568966712,4302804.568966712
run_20260811T162732Z_6bbfe89e,fixed_origin_12m_ex_ante,seasonal_naive,2015,model_full_evaluable_support,12,12,1,2015-01-01,2015-12-01,119598.66666666667,138996.07631932158,4.106966983775124,4.2202384969485065,3.4485082740732507,-61276.333333333336,0.9929749489385427,12,1.0,1776724.1887755499,1857055.6135609476,1776724.1887755499
run_20260811T162732Z_6bbfe89e,fixed_origin_12m_ex_ante,seasonal_naive,2016,model_full_evaluable_support,12,12,1,2016-01-01,2016-12-01,869815.75,1130977.8862134088,27.959827801418964,23.301524772991357,33.27811099956898,869815.75,-0.3611450827052556,12,0.5833333333333334,1726226.2345086026,1804274.4840883948,12941507.078423975
run_20260811T162732Z_6bbfe89e,fixed_origin_12m_ex_ante,seasonal_naive,2017,model_full_evaluable_support,12,12,1,2017-01-01,2017-12-01,571959.4166666666,824680.2695459718,14.043449339391367,15.568729398558162,17.77175383742668,-486819.75,0.7165676927625346,12,1.0,4227844.997875195,4418999.49140702,4227844.997875195
run_20260811T162732Z_6bbfe89e,fixed_origin_12m_ex_ante,seasonal_naive,2018,model_full_evaluable_support,12,12,1,2018-01-01,2018-12-01,713152.1666666666,776536.0702167457,20.43740217768397,23.080926652648582,18.75536860878315,-713152.1666666666,0.7912083288820111,12,1.0,4846856.783212994,5065998.793878476,4846856.783212994
run_20260811T162732Z_6bbfe89e,fixed_origin_12m_ex_ante,seasonal_naive,2019,model_full_evaluable_support,12,12,1,2019-01-01,2019-12-01,636181.5833333334,757587.6666614785,13.991698975025136,15.282272621461628,14.720734317955237,-636181.5833333334,0.8579476817215557,12,1.0,4875917.882488027,5096373.839080142,4875917.882488027
run_20260811T162732Z_6bbfe89e,fixed_origin_12m_ex_ante,seasonal_naive,2020,model_full_evaluable_support,9,9,1,2020-01-01,2020-12-01,2544670.222222222,3320111.843102913,187.06852376706894,75.22397805126268,144.70900463823872,2453536.6666666665,-21.956921982181147,9,0.6666666666666666,5033152.860680248,5678350.271455943,38372836.071179956
run_20260811T162732Z_6bbfe89e,fixed_origin_12m_ex_ante,seasonal_naive,2021,model_full_evaluable_support,12,12,1,2021-01-01,2021-12-01,1796902.1666666667,2142608.5476289955,107.93368190328377,68.91890719711684,73.44921460004906,457482.6666666667,-0.8216878299162966,12,1.0,9193010.060340716,9608655.663006037,9193010.060340716
run_20260811T162732Z_6bbfe89e,fixed_origin_12m_ex_ante,seasonal_naive,2022,model_full_evaluable_support,12,12,1,2022-01-01,2022-12-01,2206581.3333333335,2329558.5838277745,55.765909269321234,79.3364193789648,51.54658184667865,-2206581.3333333335,-0.4167172410674225,12,1.0,10278083.337930124,10742788.599340446,10278083.337930124
run_20260811T162732Z_6bbfe89e,fixed_origin_12m_ex_ante,seasonal_naive,2023,model_full_evaluable_support,12,12,1,2023-01-01,2023-12-01,719701.1666666666,812951.5281135564,17.21100747321159,19.32751308800071,15.131046787155254,-719701.1666666666,0.8291728019351305,12,1.0,11191112.069758134,11697098.301710257,11191112.069758134
run_20260811T162732Z_6bbfe89e,fixed_origin_12m_ex_ante,seasonal_naive,2024,model_full_evaluable_support,12,12,1,2024-01-01,2024-12-01,470753.5,534146.6436817702,10.175934814485636,10.881205913592948,9.077325852219824,-470753.5,0.9258383989534701,12,1.0,10893923.28201435,11386472.651396288,10893923.28201435
run_20260811T162732Z_6bbfe89e,fixed_origin_12m_ex_ante,seasonal_naive,2025,model_full_evaluable_support,12,12,1,2025-01-01,2025-12-01,277029.5,402537.60599746037,5.846189835144724,6.22646357306153,5.201043677606178,-260863.16666666666,0.9592053149304948,12,1.0,10552543.525933882,11029658.016693644,10552543.525933882
run_20260811T162732Z_6bbfe89e,fixed_origin_12m_ex_ante,stl_arima_111,2015,model_full_evaluable_support,12,12,1,2015-01-01,2015-12-01,130086.86586031855,224421.98248713854,3.0587652976185407,3.126069413611354,3.7509250376333534,-53643.37513396833,0.9816863380831754,12,1.0,3312625.45910644,3462399.9286563788,3312625.45910644
run_20260811T162732Z_6bbfe89e,fixed_origin_12m_ex_ante,stl_arima_111,2016,model_full_evaluable_support,12,12,1,2016-01-01,2016-12-01,1005555.6853820964,1245929.8240673244,33.55526417273498,27.63875803972582,38.47135869222082,1005555.6853820964,-0.6518984869457667,12,0.6666666666666666,2871753.976827145,3001595.226273207,7182064.018471335
run_20260811T162732Z_6bbfe89e,fixed_origin_12m_ex_ante,stl_arima_111,2017,model_full_evaluable_support,12,12,1,2017-01-01,2017-12-01,496251.02816156315,671017.4985045916,12.795189683119427,12.97653096476038,15.419365180584105,-14659.287092198289,0.8123511811862589,12,1.0,4280067.671273681,4473583.320119711,4280067.671273681
run_20260811T162732Z_6bbfe89e,fixed_origin_12m_ex_ante,stl_arima_111,2018,model_full_evaluable_support,12,12,1,2018-01-01,2018-12-01,682464.2598472879,758842.3843646512,20.69906408713664,23.55339798689639,17.948299611265178,-665489.5227429883,0.8006147335277887,12,1.0,3204374.289092285,3349254.3744846485,3204374.289092285
run_20260811T162732Z_6bbfe89e,fixed_origin_12m_ex_ante,stl_arima_111,2019,model_full_evaluable_support,12,12,1,2019-01-01,2019-12-01,1008836.1039032942,1176462.2889882834,22.23588467926496,25.40566445629547,23.34366263498115,-1008836.1039032942,0.6574384971288121,12,0.8333333333333334,2845337.906956568,2973984.8007770684,5110742.48727407
run_20260811T162732Z_6bbfe89e,fixed_origin_12m_ex_ante,stl_arima_111,2020,model_full_evaluable_support,9,9,1,2020-01-01,2020-12-01,2248468.342980341,2855863.2457452603,166.34887421558398,72.54781362353512,127.86474767214874,2126327.3720739875,-15.985684188845184,9,0.4444444444444444,2910757.312171356,3283885.872577439,43732230.17015692
run_20260811T162732Z_6bbfe89e,fixed_origin_12m_ex_ante,stl_arima_111,2021,model_full_evaluable_support,12,12,1,2021-01-01,2021-12-01,2026994.420529626,2240415.624591541,128.70942265634002,68.01862008042478,82.85434285093201,2026994.420529626,-0.9917988450999919,12,0.75,6203279.269710054,6483749.511082157,11227880.803644823
run_20260811T162732Z_6bbfe89e,fixed_origin_12m_ex_ante,stl_arima_111,2022,model_full_evaluable_support,12,12,1,2022-01-01,2022-12-01,1534039.588910263,1692948.9897475706,40.44453973886691,53.28359532286888,35.83575009508289,-1421026.1293731083,0.25178975391405245,12,0.8333333333333334,4994169.32604294,5219971.811378068,5853621.505459311
run_20260811T162732Z_6bbfe89e,fixed_origin_12m_ex_ante,stl_arima_111,2023,model_full_evaluable_support,12,12,1,2023-01-01,2023-12-01,1411559.552974668,1641734.5077647339,28.74822593112882,34.158891510083656,29.676725046644112,-1411559.552974668,0.30331963996713207,12,0.8333333333333334,4732635.927288438,4946613.645063333,6524677.386615408
run_20260811T162732Z_6bbfe89e,fixed_origin_12m_ex_ante,stl_arima_111,2024,model_full_evaluable_support,12,12,1,2024-01-01,2024-12-01,296567.09734362055,365742.72941444797,5.993565855700617,6.218928460759358,5.718568591917085,-197767.83238983256,0.9652296155609841,12,1.0,4597728.605929441,4805606.72906426,4597728.605929441
run_20260811T162732Z_6bbfe89e,fixed_origin_12m_ex_ante,stl_arima_111,2025,model_full_evaluable_support,12,12,1,2025-01-01,2025-12-01,327770.2503981936,424718.915177944,7.927235443687102,7.791822056524091,6.153667347848942,5741.64644062523,0.9545855695408458,12,1.0,4218435.185360285,4409164.2309519835,4218435.185360285
run_20260811T162732Z_6bbfe89e,fixed_origin_12m_ex_ante,theta,2015,model_full_evaluable_support,12,12,1,2015-01-01,2015-12-01,216321.92934761444,269832.0176356334,7.1345465846293825,7.5292932816886,6.237427088530008,-209279.64187901095,0.9735252806451586,12,1.0,8620569.078555604,9062630.398297999,8620569.078555604
run_20260811T162732Z_6bbfe89e,fixed_origin_12m_ex_ante,theta,2016,model_full_evaluable_support,12,12,1,2016-01-01,2016-12-01,900829.3114925926,1162669.9855380682,29.158471677573754,24.16679883503693,34.46465279516472,875807.8258242366,-0.4384975097087449,12,1.0,8999095.103592245,9466931.95078616,8999095.103592245
run_20260811T162732Z_6bbfe89e,fixed_origin_12m_ex_ante,theta,2017,model_full_evaluable_support,12,12,1,2017-01-01,2017-12-01,255184.65944944762,329528.6021983466,8.417053237491118,8.10768675045966,7.929022267442007,201704.34445612828,0.954745228539435,12,1.0,7797301.914090507,8155133.930260938,7797301.914090507
run_20260811T162732Z_6bbfe89e,fixed_origin_12m_ex_ante,theta,2018,model_full_evaluable_support,12,12,1,2018-01-01,2018-12-01,712299.9171489883,760278.3112115745,19.943366437602876,22.285204691739853,18.73295508387524,-712299.9171489883,0.7998594421987855,12,1.0,7771535.86279044,8130954.92794247,7771535.86279044
run_20260811T162732Z_6bbfe89e,fixed_origin_12m_ex_ante,theta,2019,model_full_evaluable_support,12,12,1,2019-01-01,2019-12-01,462565.0415241497,516551.4638613568,11.039433751748561,11.742684280728577,10.703386044866289,-462565.0415241497,0.933959595095037,12,1.0,7717438.3507371815,8069910.69772063,7717438.3507371815
run_20260811T162732Z_6bbfe89e,fixed_origin_12m_ex_ante,theta,2020,model_full_evaluable_support,9,9,1,2020-01-01,2020-12-01,2549013.5760043454,3219746.4799572355,184.9745371099777,77.26062711823847,144.95600025956284,2402958.279192264,-20.589947426070925,9,0.7777777777777778,8136045.525296516,9184801.168971296,18632503.021883912
run_20260811T162732Z_6bbfe89e,fixed_origin_12m_ex_ante,theta,2021,model_full_evaluable_support,12,12,1,2021-01-01,2021-12-01,1981036.2677369236,2277875.4530581194,122.66263052355417,65.19020730168829,80.9757819088219,1981036.2677369236,-1.0589615657977687,12,1.0,10033237.251982355,10510685.268989187,10033237.251982355
run_20260811T162732Z_6bbfe89e,fixed_origin_12m_ex_ante,theta,2022,model_full_evaluable_support,12,12,1,2022-01-01,2022-12-01,2474669.5900941337,2730296.847747653,57.60614321683708,81.03891578483078,57.80922581112229,-2474669.5900941337,-0.9460573798915322,12,1.0,8621848.260995531,9024033.842588862,8621848.260995531
run_20260811T162732Z_6bbfe89e,fixed_origin_12m_ex_ante,theta,2023,model_full_evaluable_support,12,12,1,2023-01-01,2023-12-01,898199.6589009353,940930.5223894244,20.199260359566452,22.669825337333847,18.883811354625117,-898199.6589009353,0.7711542626498298,12,1.0,8740545.668468567,9145779.96493955,8740545.668468567
run_20260811T162732Z_6bbfe89e,fixed_origin_12m_ex_ante,theta,2024,model_full_evaluable_support,12,12,1,2024-01-01,2024-12-01,506038.65430855256,529390.2277219588,11.543213579293543,12.398592384358258,9.757713450834789,-412881.2275622661,0.9271532921188033,12,1.0,8939871.026470883,9355353.301832084,8939871.026470883
run_20260811T162732Z_6bbfe89e,fixed_origin_12m_ex_ante,theta,2025,model_full_evaluable_support,12,12,1,2025-01-01,2025-12-01,440233.14012284024,481839.87711005367,9.569985737760838,10.162038144124494,8.265082924773761,-266441.2728128341,0.9415484348400552,12,1.0,9063574.252384793,9483406.553201657,9063574.252384793
run_20260811T162732Z_6bbfe89e,fixed_origin_12m_ex_ante,xgboost_recursive_b0,2015,model_full_evaluable_support,12,12,1,2015-01-01,2015-12-01,484613.1354166667,690303.8000011045,11.449588607536809,12.364681376043952,13.973336440837876,-394591.96875,0.8267293790553958,0,,,,
run_20260811T162732Z_6bbfe89e,fixed_origin_12m_ex_ante,xgboost_recursive_b0,2016,model_full_evaluable_support,12,12,1,2016-01-01,2016-12-01,468485.3645833333,601735.6209681939,15.743953922778541,14.184077796856187,17.92369011974974,433003.3645833333,0.6146923476951136,0,,,,
run_20260811T162732Z_6bbfe89e,fixed_origin_12m_ex_ante,xgboost_recursive_b0,2017,model_full_evaluable_support,12,12,1,2017-01-01,2017-12-01,637116.0208333334,805764.0738735094,18.78441751703665,21.134515205763133,19.79628057200004,-590455.7291666666,0.7294210897083326,0,,,,
run_20260811T162732Z_6bbfe89e,fixed_origin_12m_ex_ante,xgboost_recursive_b0,2018,model_full_evaluable_support,12,12,1,2018-01-01,2018-12-01,918953.75,1164127.2306954942,23.05316257121546,26.66656434483524,24.167796329124094,-918953.75,0.5307645667445926,0,,,,
run_20260811T162732Z_6bbfe89e,fixed_origin_12m_ex_ante,xgboost_recursive_b0,2019,model_full_evaluable_support,12,12,1,2019-01-01,2019-12-01,1375406.3125,1702260.957780166,28.937279115023845,34.56583830053081,31.82580482676817,-1375406.3125,0.2828090329062758,0,,,,
run_20260811T162732Z_6bbfe89e,fixed_origin_12m_ex_ante,xgboost_recursive_b0,2020,model_full_evaluable_support,9,9,1,2020-01-01,2020-12-01,1902962.6666666667,2331410.0494463136,145.5808440842315,68.06966054460973,108.21670759230257,1834372.8333333333,-10.319977377428263,0,,,,
run_20260811T162732Z_6bbfe89e,fixed_origin_12m_ex_ante,xgboost_recursive_b0,2021,model_full_evaluable_support,12,12,1,2021-01-01,2021-12-01,673760.171875,945743.862244482,26.027853095465332,27.538323224801882,27.540261440506626,-520590.140625,0.6450760112554886,0,,,,
run_20260811T162732Z_6bbfe89e,fixed_origin_12m_ex_ante,xgboost_recursive_b0,2022,model_full_evaluable_support,12,12,1,2022-01-01,2022-12-01,2188725.21875,2528232.0025318805,49.349865076395886,67.04195086230092,51.12945619718218,-2188725.21875,-0.6686672975278702,0,,,,
run_20260811T162732Z_6bbfe89e,fixed_origin_12m_ex_ante,xgboost_recursive_b0,2023,model_full_evaluable_support,12,12,1,2023-01-01,2023-12-01,2346721.5416666665,2753460.0576199153,45.95935949051588,62.05638654085775,49.33763496291416,-2346721.5416666665,-0.95968052117967,0,,,,
run_20260811T162732Z_6bbfe89e,fixed_origin_12m_ex_ante,xgboost_recursive_b0,2024,model_full_evaluable_support,12,12,1,2024-01-01,2024-12-01,2512935.8333333335,2933094.193132277,44.220689956468526,58.63408326938526,48.455799914150894,-2512935.8333333335,-1.236197252639037,0,,,,
run_20260811T162732Z_6bbfe89e,fixed_origin_12m_ex_ante,xgboost_recursive_b0,2025,model_full_evaluable_support,12,12,1,2025-01-01,2025-12-01,1847764.6041666667,2223752.3823381104,30.659571450368816,37.57342006147197,34.690545274801146,-1847764.6041666667,-0.24498327929416863,0,,,,
run_20260811T162732Z_6bbfe89e,one_step_ex_ante,drift,2015,model_full_evaluable_support,12,12,12,2015-01-01,2015-12-01,2525618.2395485025,2935612.107932756,98.30658881264014,69.76298116410628,72.82368306419241,129745.12302164175,-2.1335869081862846,12,1.0,12232491.035497213,11764964.348383661,12232491.035497213
run_20260811T162732Z_6bbfe89e,one_step_ex_ante,drift,2016,model_full_evaluable_support,12,12,12,2016-01-01,2016-12-01,1667645.1420285702,2002650.0924214106,79.25582428411687,56.67319297541169,63.802109980554775,303441.48707005725,-3.2678224332235954,12,1.0,11990048.512771599,11754194.898915574,11990048.512771599
run_20260811T162732Z_6bbfe89e,one_step_ex_ante,drift,2017,model_full_evaluable_support,12,12,12,2017-01-01,2017-12-01,2136282.16424801,2511876.655251823,79.07656241562724,64.72547514183317,66.37792760115833,-171484.74996049795,-1.629509614772123,12,1.0,12165092.86005126,11625814.704078384,12165092.86005126
run_20260811T162732Z_6bbfe89e,one_step_ex_ante,drift,2018,model_full_evaluable_support,12,12,12,2018-01-01,2018-12-01,2413111.4863171396,2823451.147427074,77.72880652427516,61.81644344024508,63.463027296838995,-96276.1871873932,-1.7602629666842189,12,1.0,12596247.82437181,12014622.609701093,12596247.82437181
run_20260811T162732Z_6bbfe89e,one_step_ex_ante,drift,2019,model_full_evaluable_support,12,12,12,2019-01-01,2019-12-01,2901150.692822267,3387713.2482353775,84.74812945553091,65.79197380892988,67.13031260920923,-70177.91428607058,-1.840506707142314,12,1.0,13126800.434922129,12277101.806708075,13126800.434922129
run_20260811T162732Z_6bbfe89e,one_step_ex_ante,drift,2020,model_full_evaluable_support,9,9,9,2020-01-01,2020-12-01,1769922.4536103688,2180592.7271304564,100.56963415905086,74.71817631070385,100.65104480420914,765777.9409109204,-8.902784977290912,9,1.0,13951315.082001098,13664086.59913193,13951315.082001098
run_20260811T162732Z_6bbfe89e,one_step_ex_ante,drift,2021,model_full_evaluable_support,12,12,12,2021-01-01,2021-12-01,1915528.018052673,2325912.988857699,89.02720686758268,78.39909249646173,78.29810163307393,-500751.40339901455,-1.1467190915299672,12,1.0,12969492.232021518,12736398.098713826,12969492.232021518
run_20260811T162732Z_6bbfe89e,one_step_ex_ante,drift,2022,model_full_evaluable_support,12,12,12,2022-01-01,2022-12-01,2632541.1076778336,3071593.127560248,71.84833976936315,61.74805895942263,61.49716469624575,-367039.84853105363,-1.462993583715925,12,1.0,14020054.82660284,13330448.748804906,14020054.82660284
run_20260811T162732Z_6bbfe89e,one_step_ex_ante,drift,2023,model_full_evaluable_support,12,12,12,2023-01-01,2023-12-01,2908308.7005767697,3370787.0777348555,73.77392109186562,59.700482595602956,61.14448198511717,6832.26648324371,-1.9369080845819493,12,1.0,14695929.770721316,13678496.58418541,14695929.770721316
run_20260811T162732Z_6bbfe89e,one_step_ex_ante,drift,2024,model_full_evaluable_support,12,12,12,2024-01-01,2024-12-01,2900992.7124493644,3346049.695787951,66.33213506770308,55.91195191700106,55.9385243993256,-50556.75964845639,-1.9102001788532226,12,1.0,14913778.904759595,14227368.480105028,14913778.904759595
run_20260811T162732Z_6bbfe89e,one_step_ex_ante,drift,2025,model_full_evaluable_support,12,12,12,2025-01-01,2025-12-01,3000079.5420247293,3400894.9845719333,66.77516134127247,56.37851179399399,56.32448794934603,-3187.0618918852415,-1.9119043774863838,12,1.0,14967154.872129232,14223026.048195042,14967154.872129232
run_20260811T162732Z_6bbfe89e,one_step_ex_ante,hist_gradient_boosting_recursive_b0,2015,model_full_evaluable_support,12,12,12,2015-01-01,2015-12-01,345212.4653622105,550039.7876620909,8.690550078320257,8.984761331177678,9.953857148196818,-235166.82291298345,0.8899898859220916,0,,,,
run_20260811T162732Z_6bbfe89e,one_step_ex_ante,hist_gradient_boosting_recursive_b0,2016,model_full_evaluable_support,12,12,12,2016-01-01,2016-12-01,683554.8397840996,868951.5672386697,23.97423697623917,20.440163549937413,26.151991191959745,668746.4499339032,0.19649731270709392,0,,,,
run_20260811T162732Z_6bbfe89e,one_step_ex_ante,hist_gradient_boosting_recursive_b0,2017,model_full_evaluable_support,12,12,12,2017-01-01,2017-12-01,352827.5769209492,469004.6370231579,10.0095615764975,10.466696363442942,10.962954121182264,-198334.27834980353,0.9083289054459556,0,,,,
run_20260811T162732Z_6bbfe89e,one_step_ex_ante,hist_gradient_boosting_recursive_b0,2018,model_full_evaluable_support,12,12,12,2018-01-01,2018-12-01,643913.565545381,828328.4251076943,15.435196581473004,16.9653618333426,16.934445183624167,-643913.565545381,0.7624281207545591,0,,,,
run_20260811T162732Z_6bbfe89e,one_step_ex_ante,hist_gradient_boosting_recursive_b0,2019,model_full_evaluable_support,12,12,12,2019-01-01,2019-12-01,999853.7353202025,1264785.383518968,20.268966488150948,22.955012244715487,23.135817791745,-975110.251638652,0.6040720054565758,0,,,,
run_20260811T162732Z_6bbfe89e,one_step_ex_ante,hist_gradient_boosting_recursive_b0,2020,model_full_evaluable_support,9,9,9,2020-01-01,2020-12-01,1796174.0244917038,2204202.2961337036,132.29033793194148,64.52981989950435,102.1439057098202,1771403.6707510375,-9.118383403239546,0,,,,
run_20260811T162732Z_6bbfe89e,one_step_ex_ante,hist_gradient_boosting_recursive_b0,2021,model_full_evaluable_support,12,12,12,2021-01-01,2021-12-01,1118854.8649437756,1449136.8742312824,84.8475038942249,49.42839977015265,45.733714726389366,745746.3918484332,0.16668901730429575,0,,,,
run_20260811T162732Z_6bbfe89e,one_step_ex_ante,hist_gradient_boosting_recursive_b0,2022,model_full_evaluable_support,12,12,12,2022-01-01,2022-12-01,1180630.1543480305,1399549.7761431169,25.480913166280967,29.808466277175338,27.579970863718117,-1180630.1543480305,0.48865665950138737,0,,,,
run_20260811T162732Z_6bbfe89e,one_step_ex_ante,hist_gradient_boosting_recursive_b0,2023,model_full_evaluable_support,12,12,12,2023-01-01,2023-12-01,1351810.3681932928,1647538.4911145126,25.49092716038662,30.069238655609777,28.42055407972932,-1351810.3681932928,0.29838501908806714,0,,,,
run_20260811T162732Z_6bbfe89e,one_step_ex_ante,hist_gradient_boosting_recursive_b0,2024,model_full_evaluable_support,12,12,12,2024-01-01,2024-12-01,874545.1427033022,1073808.6523260933,15.03234276577223,16.590348271531337,16.86345663451033,-826256.7007531248,0.7002826476934232,0,,,,
run_20260811T162732Z_6bbfe89e,one_step_ex_ante,hist_gradient_boosting_recursive_b0,2025,model_full_evaluable_support,12,12,12,2025-01-01,2025-12-01,969337.5277919931,1268387.718635249,15.18177472600157,16.73893204064439,18.198664114792642,-879876.4513024377,0.5949629768804803,0,,,,
run_20260811T162732Z_6bbfe89e,one_step_ex_ante,naive_last,2015,model_full_evaluable_support,12,12,12,2015-01-01,2015-12-01,2467778.9166666665,2866043.649179286,94.60294115787691,69.27817863243355,71.15594387374878,22187.25,-1.986826557199581,12,0.75,6834271.678660505,6821553.113972666,15834326.835981531
run_20260811T162732Z_6bbfe89e,one_step_ex_ante,naive_last,2016,model_full_evaluable_support,12,12,12,2016-01-01,2016-12-01,1639845.25,1946693.9335024522,76.99283867956191,56.62048153654368,62.738519337705654,234464.41666666666,-3.0326593998985674,12,0.9166666666666666,6973375.878495491,6955869.355191806,7847396.634640649
run_20260811T162732Z_6bbfe89e,one_step_ex_ante,naive_last,2017,model_full_evaluable_support,12,12,12,2017-01-01,2017-12-01,2113676.9166666665,2474959.367993897,77.20458844091303,64.66184043613146,65.67554403382238,-236788.08333333334,-1.5527853010319799,12,0.8333333333333334,6838656.000934687,6839580.566365732,11879835.79682535
run_20260811T162732Z_6bbfe89e,one_step_ex_ante,naive_last,2018,model_full_evaluable_support,12,12,12,2018-01-01,2018-12-01,2392676.5,2783463.448895189,76.0233010502912,61.906777931725465,62.925602440255005,-176440.0,-1.6826310598831342,12,0.75,6898764.538137057,6889964.500673635,14129389.614746401
run_20260811T162732Z_6bbfe89e,one_step_ex_ante,naive_last,2019,model_full_evaluable_support,12,12,12,2019-01-01,2019-12-01,2878196.5,3342221.2472948036,82.9843835732211,65.90258862946267,66.59917089924454,-159167.66666666666,-1.764731276946836,12,0.5833333333333334,7013220.032294351,7006020.923938783,23287135.344569255
run_20260811T162732Z_6bbfe89e,one_step_ex_ante,naive_last,2020,model_full_evaluable_support,9,9,9,2020-01-01,2020-12-01,1727582.0,2115447.036392755,98.24032320216625,73.81729198730439,98.24324954477575,728971.7777777778,-8.319927709229429,9,0.8888888888888888,7763628.200057372,7259572.911797471,10671021.384490715
run_20260811T162732Z_6bbfe89e,one_step_ex_ante,naive_last,2021,model_full_evaluable_support,12,12,12,2021-01-01,2021-12-01,1893755.25,2305549.5923499996,87.4763349114247,77.73153320872109,77.40812957849934,-519941.9166666667,-1.109294534545107,12,0.9166666666666666,7172603.9125864925,7174078.367055195,9708396.338771349
run_20260811T162732Z_6bbfe89e,one_step_ex_ante,naive_last,2022,model_full_evaluable_support,12,12,12,2022-01-01,2022-12-01,2617733.6666666665,3046571.6189471898,70.71235867593572,61.80761699753372,61.15125722458733,-430874.8333333333,-1.4230294352047936,12,0.75,7234989.0397882955,7230805.510397753,18952724.057247534
run_20260811T162732Z_6bbfe89e,one_step_ex_ante,naive_last,2023,model_full_evaluable_support,12,12,12,2023-01-01,2023-12-01,2891365.9166666665,3334712.813847356,72.62926583009283,59.82459516138224,60.78827573185265,-71609.41666666667,-1.8743827028633562,12,0.75,7382276.277119105,7394383.095620674,19651881.90549941
run_20260811T162732Z_6bbfe89e,one_step_ex_ante,naive_last,2024,model_full_evaluable_support,12,12,12,2024-01-01,2024-12-01,2888215.25,3313438.7482155277,65.39625175035164,56.05494486749138,55.692142396393315,-131789.25,-1.8537503827954875,12,0.5833333333333334,7545914.660947262,7561374.771710949,18032560.156969335
run_20260811T162732Z_6bbfe89e,one_step_ex_ante,naive_last,2025,model_full_evaluable_support,12,12,12,2025-01-01,2025-12-01,2986953.75,3368787.0705595086,65.88035297557995,56.51759615398324,56.078059978231785,-83383.41666666667,-1.8571812349456858,12,0.6666666666666666,7676934.612324849,7688572.273139242,18394501.27598801
run_20260811T162732Z_6bbfe89e,one_step_ex_ante,ridge_recursive_b0,2015,model_full_evaluable_support,12,12,12,2015-01-01,2015-12-01,176671.78186467887,243622.2309010355,6.291799125531865,6.010518206900765,5.094154630115243,46739.84871177323,0.9784186685306018,0,,,,
run_20260811T162732Z_6bbfe89e,one_step_ex_ante,ridge_recursive_b0,2016,model_full_evaluable_support,12,12,12,2016-01-01,2016-12-01,884831.917405018,1068029.4602830457,32.53671379258963,28.243718771902774,33.8526116173059,733243.0980279464,-0.21384338682285375,0,,,,
run_20260811T162732Z_6bbfe89e,one_step_ex_ante,ridge_recursive_b0,2017,model_full_evaluable_support,12,12,12,2017-01-01,2017-12-01,917665.4509841725,983308.1033838267,37.0049563670248,45.413091276933386,28.513429493033993,-554374.6705821505,0.5970442289377246,0,,,,
run_20260811T162732Z_6bbfe89e,one_step_ex_ante,ridge_recursive_b0,2018,model_full_evaluable_support,12,12,12,2018-01-01,2018-12-01,567816.2602100294,703352.0499739909,22.430318565546273,18.527183610365224,14.9331429673375,503312.3961205937,0.8287086554782981,0,,,,
run_20260811T162732Z_6bbfe89e,one_step_ex_ante,ridge_recursive_b0,2019,model_full_evaluable_support,12,12,12,2019-01-01,2019-12-01,493510.86502122437,632742.5859652887,9.946997479516229,10.40331522773263,11.419447713240748,-385812.98642467934,0.9009084402977429,0,,,,
run_20260811T162732Z_6bbfe89e,one_step_ex_ante,ridge_recursive_b0,2020,model_full_evaluable_support,9,9,9,2020-01-01,2020-12-01,1497514.354585398,2030207.3376298612,114.88823235715775,54.79209488531379,85.15988036134729,1384434.2197849336,-7.583986319214292,0,,,,
run_20260811T162732Z_6bbfe89e,one_step_ex_ante,ridge_recursive_b0,2021,model_full_evaluable_support,12,12,12,2021-01-01,2021-12-01,1438941.117440127,2988243.2231532196,70.42908192680845,42.88746799419176,58.81738966777043,861577.6071750979,-2.543399970561736,0,,,,
run_20260811T162732Z_6bbfe89e,one_step_ex_ante,ridge_recursive_b0,2022,model_full_evaluable_support,12,12,12,2022-01-01,2022-12-01,1103627.463086552,1269654.0150793975,37.13944502096597,57.379717265296485,25.781158616209304,-571299.3666354107,0.5791700051166309,0,,,,
run_20260811T162732Z_6bbfe89e,one_step_ex_ante,ridge_recursive_b0,2023,model_full_evaluable_support,12,12,12,2023-01-01,2023-12-01,926607.9836285351,1126764.9437523582,25.700972225225993,33.74926337849577,19.48106992596921,-674653.0032372541,0.6718334076995551,0,,,,
run_20260811T162732Z_6bbfe89e,one_step_ex_ante,ridge_recursive_b0,2024,model_full_evaluable_support,12,12,12,2024-01-01,2024-12-01,681524.7881056977,808479.3628841337,13.30498849599546,13.643813261398945,13.141532836188125,-392131.8153346304,0.8300989876239139,0,,,,
run_20260811T162732Z_6bbfe89e,one_step_ex_ante,ridge_recursive_b0,2025,model_full_evaluable_support,12,12,12,2025-01-01,2025-12-01,563901.4115538356,671683.550575341,13.857310804866335,12.487551840634104,10.586872052814865,97440.52740111489,0.886415233067441,0,,,,
run_20260811T162732Z_6bbfe89e,one_step_ex_ante,same_month_historical_mean,2015,model_full_evaluable_support,12,12,12,2015-01-01,2015-12-01,501202.40476190485,561455.592518233,15.190305855574021,16.590765555861996,14.451671477442664,-501202.40476190485,0.885376087653299,12,0.9166666666666666,1391410.0318824367,1379302.8107886796,2987206.274582268
run_20260811T162732Z_6bbfe89e,one_step_ex_ante,same_month_historical_mean,2016,model_full_evaluable_support,12,12,12,2016-01-01,2016-12-01,557539.3541666666,692255.371261025,19.243497828073398,17.77732690899689,21.330789324734965,415798.0625,0.4900485157110479,12,0.6666666666666666,1499190.5298061736,1481097.349796776,6159583.957108161
run_20260811T162732Z_6bbfe89e,one_step_ex_ante,same_month_historical_mean,2017,model_full_evaluable_support,12,12,12,2017-01-01,2017-12-01,291645.38888888893,358161.1871877848,9.185941514476731,9.761083094984663,9.061919269308136,-234986.5555555556,0.9465392329668922,12,1.0,1620474.273489483,1618499.781001946,1620474.273489483
run_20260811T162732Z_6bbfe89e,one_step_ex_ante,same_month_historical_mean,2018,model_full_evaluable_support,12,12,12,2018-01-01,2018-12-01,795515.1500000003,847255.9547200039,22.18645357000094,25.087586627499388,20.921453470245492,-795515.1500000003,0.7514469121785832,12,0.6666666666666666,1634346.4239751175,1618135.696156969,6518156.141033721
run_20260811T162732Z_6bbfe89e,one_step_ex_ante,same_month_historical_mean,2019,model_full_evaluable_support,12,12,12,2019-01-01,2019-12-01,1242476.2575757576,1366305.2443005033,29.09972564801629,34.10580300973095,28.74990940213487,-1242476.2575757576,0.5379616708641508,12,0.4166666666666667,1871477.215132999,1823023.1535633106,17946361.83704788
run_20260811T162732Z_6bbfe89e,one_step_ex_ante,same_month_historical_mean,2020,model_full_evaluable_support,9,9,9,2020-01-01,2020-12-01,1786588.3888888888,2194267.305952203,128.9999756210695,66.97059998790294,101.59879468726228,1424296.574074074,-9.027375885756083,9,0.5555555555555556,2383435.58421997,2299417.528013897,35127936.44631866
run_20260811T162732Z_6bbfe89e,one_step_ex_ante,same_month_historical_mean,2021,model_full_evaluable_support,12,12,12,2021-01-01,2021-12-01,886142.5064102564,1083278.6603012846,65.40116152704259,42.86429708536499,36.221488474406236,654107.3910256409,0.5343402864498609,12,0.8333333333333334,3023885.6104850215,2989633.8569612987,7497183.792668767
run_20260811T162732Z_6bbfe89e,one_step_ex_ante,same_month_historical_mean,2022,model_full_evaluable_support,12,12,12,2022-01-01,2022-12-01,1229421.232142857,1366723.1656290034,28.577928925663006,33.5144542210081,28.719749056774535,-1229421.232142857,0.5123625883770135,12,0.6666666666666666,3091327.056182062,3081103.9907166064,9228085.44725111
run_20260811T162732Z_6bbfe89e,one_step_ex_ante,same_month_historical_mean,2023,model_full_evaluable_support,12,12,12,2023-01-01,2023-12-01,1622044.8253968256,1715168.3377530654,35.30927134762475,43.08436263528862,34.10198187897306,-1622044.8253968256,0.23960156214479333,12,0.5833333333333334,3308750.929639274,3287374.9999635397,12977200.513644466
run_20260811T162732Z_6bbfe89e,one_step_ex_ante,same_month_historical_mean,2024,model_full_evaluable_support,12,12,12,2024-01-01,2024-12-01,1948630.0621527778,2021718.0087143334,39.25708178304124,49.10137818222491,37.57454812251451,-1948630.0621527778,-0.062427365833726656,12,0.5,3626891.035524023,3588914.6192892618,16351223.988817109
run_20260811T162732Z_6bbfe89e,one_step_ex_ante,same_month_historical_mean,2025,model_full_evaluable_support,12,12,12,2025-01-01,2025-12-01,1972409.8238357846,2046430.876624061,38.60729753963191,48.1167273043358,37.030675952955995,-1972409.8238357846,-0.054350056505471755,12,0.5,3976921.3611084833,3951225.003278517,13219634.726271393
run_20260811T162732Z_6bbfe89e,one_step_ex_ante,seasonal_moving_average_3,2015,model_full_evaluable_support,12,12,12,2015-01-01,2015-12-01,216563.36111111115,283556.34210092603,6.845154122846457,7.200719942134945,6.244388532643453,-216563.36111111115,0.9707636512280611,12,0.9166666666666666,921510.1874281612,919095.6687433615,1920333.1011887167
run_20260811T162732Z_6bbfe89e,one_step_ex_ante,seasonal_moving_average_3,2016,model_full_evaluable_support,12,12,12,2016-01-01,2016-12-01,789997.1666666666,1035580.8887125996,25.198625033587223,21.184563534911742,30.224347399639903,772255.8333333334,-0.14120652481130214,12,0.4166666666666667,1073522.2715911365,912181.1092186735,19277396.963900227
run_20260811T162732Z_6bbfe89e,one_step_ex_ante,seasonal_moving_average_3,2017,model_full_evaluable_support,12,12,12,2017-01-01,2017-12-01,241025.86111111112,277548.38238793146,7.917151214163572,7.968780117854351,7.4890842729438285,-40641.97222222221,0.9678962662667215,12,1.0,1819675.474826373,1812566.1696859046,1819675.474826373
run_20260811T162732Z_6bbfe89e,one_step_ex_ante,seasonal_moving_average_3,2018,model_full_evaluable_support,12,12,12,2018-01-01,2018-12-01,702300.4166666666,774060.470905518,18.29841779511424,20.16575698102095,18.469975699929392,-702300.4166666666,0.7925374637987533,12,0.5833333333333334,1775893.068945804,1770110.4530749037,4926540.045766761
run_20260811T162732Z_6bbfe89e,one_step_ex_ante,seasonal_moving_average_3,2019,model_full_evaluable_support,12,12,12,2019-01-01,2019-12-01,1110160.4444444443,1275827.4354027256,24.284403583660655,27.78225162446694,25.688227042572258,-1110160.4444444443,0.5971286275605572,12,0.5,1907084.2072181075,1869395.8619784995,16497430.66160774
run_20260811T162732Z_6bbfe89e,one_step_ex_ante,seasonal_moving_average_3,2020,model_full_evaluable_support,9,9,9,2020-01-01,2020-12-01,2273201.037037037,2839397.952009293,165.61086104597425,74.10770259946128,129.27123386737802,2071723.7037037036,-15.790389082918765,9,0.4444444444444444,2413484.0897804284,2233828.0034760386,52809172.941706926
run_20260811T162732Z_6bbfe89e,one_step_ex_ante,seasonal_moving_average_3,2021,model_full_evaluable_support,12,12,12,2021-01-01,2021-12-01,1062641.7499999998,1346470.6441308265,85.41926118255458,48.6306709261794,43.43597742080097,947388.4722222221,0.2805807251781264,12,0.8333333333333334,3709687.289934267,3676211.961472828,8830574.71899509
run_20260811T162732Z_6bbfe89e,one_step_ex_ante,seasonal_moving_average_3,2022,model_full_evaluable_support,12,12,12,2022-01-01,2022-12-01,1277647.611111111,1512034.3485340094,27.70824515388953,32.751498320224954,29.846335669786782,-1277647.611111111,0.4031582156083824,12,0.75,3821242.246084042,3809608.325790775,9501537.948619885
run_20260811T162732Z_6bbfe89e,one_step_ex_ante,seasonal_moving_average_3,2023,model_full_evaluable_support,12,12,12,2023-01-01,2023-12-01,1719922.722222222,1910693.020523531,35.7833999351016,43.88117325272398,36.15977350817486,-1719922.722222222,0.056353032750629084,12,0.75,4014582.879004846,3988523.335185929,14131431.072701996
run_20260811T162732Z_6bbfe89e,one_step_ex_ante,seasonal_moving_average_3,2024,model_full_evaluable_support,12,12,12,2024-01-01,2024-12-01,1358150.4166666667,1447241.2920902336,28.14604172259363,33.47335640129842,26.18859740482324,-1358150.4166666667,0.45557259329554733,12,0.8333333333333334,4262900.005137405,4252057.415133115,5463139.133842017
run_20260811T162732Z_6bbfe89e,one_step_ex_ante,seasonal_moving_average_3,2025,model_full_evaluable_support,12,12,12,2025-01-01,2025-12-01,585340.5000000001,613098.782055536,12.118690988854928,13.021562861708107,10.98937660708278,-585340.5000000001,0.9053650465693461,12,1.0,4255222.884807735,4254159.004736361,4255222.884807735
run_20260811T162732Z_6bbfe89e,one_step_ex_ante,seasonal_naive,2015,model_full_evaluable_support,12,12,12,2015-01-01,2015-12-01,106125.25,131039.15777195507,3.2486456881374437,3.3039552659221,3.060015741923758,-16871.75,0.9937562344134834,12,1.0,711323.8081665799,710189.5817555801,711323.8081665799
run_20260811T162732Z_6bbfe89e,one_step_ex_ante,seasonal_naive,2016,model_full_evaluable_support,12,12,12,2016-01-01,2016-12-01,854350.1666666666,1119935.3130836026,27.35829874172714,22.817967137203876,32.686416265552324,854350.1666666666,-0.33469511026647925,12,0.4166666666666667,900681.3112804719,713632.5154237264,23376167.54390577
run_20260811T162732Z_6bbfe89e,one_step_ex_ante,seasonal_naive,2017,model_full_evaluable_support,12,12,12,2017-01-01,2017-12-01,648383.3333333334,858957.2348826997,16.69823280493938,18.61538201739872,20.14637517368759,-604584.8333333334,0.6925169163763738,12,0.75,1768297.1115381264,1746035.501400778,8464197.727897108
run_20260811T162732Z_6bbfe89e,one_step_ex_ante,seasonal_naive,2018,model_full_evaluable_support,12,12,12,2018-01-01,2018-12-01,584027.25,623652.0213705583,16.31720761127306,17.925356477232516,15.35947987443159,-584027.25,0.8653288490574155,12,1.0,1984494.3953036207,1986811.2417769884,1984494.3953036207
run_20260811T162732Z_6bbfe89e,one_step_ex_ante,seasonal_naive,2019,model_full_evaluable_support,12,12,12,2019-01-01,2019-12-01,519280.6666666667,612548.1612431249,11.092609941013647,11.78820708260117,12.015740365192917,-519280.6666666667,0.9071326580975414,12,0.8333333333333334,1986657.0326947747,1986458.1419887855,2439353.9430970126
run_20260811T162732Z_6bbfe89e,one_step_ex_ante,seasonal_naive,2020,model_full_evaluable_support,9,9,9,2020-01-01,2020-12-01,2676848.0,3405552.3567821486,195.4900644619965,78.4072911476747,152.22562289803545,2585714.4444444445,-23.153682523018947,9,0.3333333333333333,2286603.3525782204,2041090.6769607216,72175872.81208354
run_20260811T162732Z_6bbfe89e,one_step_ex_ante,seasonal_naive,2021,model_full_evaluable_support,12,12,12,2021-01-01,2021-12-01,2019917.75,2251198.2499947483,115.90200134073505,81.59152860875798,82.56508064065345,-64070.916666666664,-1.011017156368418,12,0.5,3964652.6595433634,3960423.1842931444,21069611.156027097
run_20260811T162732Z_6bbfe89e,one_step_ex_ante,seasonal_naive,2022,model_full_evaluable_support,12,12,12,2022-01-01,2022-12-01,1834296.75,2007741.7750660607,46.10558617824956,63.4733195587042,42.8498719383884,-1834296.75,-0.05232918926666508,12,0.5833333333333334,4331379.979571725,4266407.420992432,13534553.186975434
run_20260811T162732Z_6bbfe89e,one_step_ex_ante,seasonal_naive,2023,model_full_evaluable_support,12,12,12,2023-01-01,2023-12-01,475701.25,538554.6639915797,11.541855088707107,12.622367625238937,10.001175771043266,-475701.25,0.9250300369616596,12,1.0,4544585.006411715,4546143.432915362,4544585.006411715
run_20260811T162732Z_6bbfe89e,one_step_ex_ante,seasonal_naive,2024,model_full_evaluable_support,12,12,12,2024-01-01,2024-12-01,429584.0,487212.98743003554,9.24556801021441,9.815730034809826,8.283473089206986,-429584.0,0.9382984885747137,12,1.0,4402768.74613374,4399363.355507337,4402768.74613374
run_20260811T162732Z_6bbfe89e,one_step_ex_ante,seasonal_naive,2025,model_full_evaluable_support,12,12,12,2025-01-01,2025-12-01,156550.41666666666,184753.21537368887,3.279637765784286,3.3455865082132097,2.939129424233807,-140384.08333333334,0.9914064090666596,12,1.0,4268755.816250336,4268410.128569588,4268755.816250336
