run_id,protocol,model,horizon,support,observations,unique_target_months,folds,support_start,support_end,mae,rmse,mape_pct,smape_pct,wape_pct,bias_forecast_minus_actual,r2,interval_95_observations,interval_95_coverage,interval_95_mean_width,interval_95_median_width,interval_95_winkler
run_20260811T162732Z_6bbfe89e,fixed_origin_12m_ex_ante,drift,1,model_full_evaluable_support,11,11,11,2015-01-01,2025-01-01,3437768.8878502664,3524855.430806718,165.59793102147935,89.02664023485225,154.4115171931169,3437768.8878502664,-21.575157148274617,11,1.0,14455158.873367367,14130850.949682936,14455158.873367367
run_20260811T162732Z_6bbfe89e,fixed_origin_12m_ex_ante,drift,2,model_full_evaluable_support,11,11,11,2015-02-01,2025-02-01,3817314.1552673774,3923349.482495328,211.59134301127932,101.71719954924741,203.0555869054754,3817314.1552673774,-48.054124598075795,11,1.0,16161358.933204353,15798771.651704252,16161358.933204353
run_20260811T162732Z_6bbfe89e,fixed_origin_12m_ex_ante,drift,3,model_full_evaluable_support,11,11,11,2015-03-01,2025-03-01,3557774.2408663076,3736544.533451521,185.34678341043042,89.87841833077916,163.75742165545995,3557774.2408663076,-31.296591917614656,11,1.0,17703881.6953073,17306687.229023136,17703881.6953073
run_20260811T162732Z_6bbfe89e,fixed_origin_12m_ex_ante,drift,4,model_full_evaluable_support,10,10,10,2015-04-01,2025-04-01,2736118.5941117615,2831655.357052449,100.56348251510836,65.3935457334047,94.29423288631308,2736118.5941117615,-9.286548209294613,10,1.0,19004140.204214014,18468004.682585854,19004140.204214014
run_20260811T162732Z_6bbfe89e,fixed_origin_12m_ex_ante,drift,5,model_full_evaluable_support,10,10,10,2015-05-01,2025-05-01,1817936.0075562992,1929796.9631023468,59.02611675049513,42.02117433130711,47.19079769782568,1817936.0075562992,-1.238569455140885,10,1.0,20316280.44982429,19743127.46844946,20316280.44982429
run_20260811T162732Z_6bbfe89e,fixed_origin_12m_ex_ante,drift,6,model_full_evaluable_support,10,10,10,2015-06-01,2025-06-01,1182071.999882824,1385428.606131136,32.178994919889284,25.410113383877572,25.746989678107827,1111584.8210008363,0.12562525468352614,10,1.0,21548669.51183765,20940748.97215651,21548669.51183765
run_20260811T162732Z_6bbfe89e,fixed_origin_12m_ex_ante,drift,7,model_full_evaluable_support,11,11,11,2015-07-01,2025-07-01,1232215.3462846733,2165263.849710968,89.03180067609146,28.408523186518945,23.06207459466394,519775.1287165737,-0.25830866759810367,11,1.0,22855612.98971717,22342837.138675738,22855612.98971717
run_20260811T162732Z_6bbfe89e,fixed_origin_12m_ex_ante,drift,8,model_full_evaluable_support,11,11,11,2015-08-01,2025-08-01,2039536.0758595385,2352485.8161129043,43.62114328548063,36.21423221961357,30.07208142098044,-886232.5129572236,-0.4403743941139131,11,1.0,23971169.13396802,23433365.284267783,23971169.13396802
run_20260811T162732Z_6bbfe89e,fixed_origin_12m_ex_ante,drift,9,model_full_evaluable_support,11,11,11,2015-09-01,2025-09-01,1171589.2489568419,1739651.334892603,30.627017730894725,23.76952726921274,20.561855411484768,231161.02718716115,-0.4664093803886402,11,1.0,25037069.600152362,24475351.79903376,25037069.600152362
run_20260811T162732Z_6bbfe89e,fixed_origin_12m_ex_ante,drift,10,model_full_evaluable_support,11,11,11,2015-10-01,2025-10-01,1568008.9212020696,2006928.1969533022,44.347005159264555,31.80357461709011,31.863594834865967,1041146.294604273,-1.001365378999191,11,1.0,26059408.256452154,25474753.83251041,26059408.256452154
run_20260811T162732Z_6bbfe89e,fixed_origin_12m_ex_ante,drift,11,model_full_evaluable_support,11,11,11,2015-11-01,2025-11-01,3171922.0165668395,3490991.7541606603,138.18420996375795,70.67486572597582,112.3463870653429,3171922.0165668395,-14.821794525992129,11,1.0,27043125.987762943,26436401.41864136,27043125.987762943
run_20260811T162732Z_6bbfe89e,fixed_origin_12m_ex_ante,drift,12,model_full_evaluable_support,11,11,11,2015-12-01,2025-12-01,3745539.1930748597,4022805.409988525,198.48782111737225,87.96151679650858,164.07389101328852,3745539.1930748597,-34.391213024088415,11,1.0,27992294.79166709,27364275.197930634,27992294.79166709
run_20260811T162732Z_6bbfe89e,fixed_origin_12m_ex_ante,dynamic_harmonic_arima_k2,1,model_full_evaluable_support,11,11,11,2015-01-01,2025-01-01,656722.8010151833,901115.9761506311,46.00209146749394,47.02942518137909,29.49749310910764,-252416.33210048015,-0.4753991953520815,11,0.8181818181818182,2274442.663483896,1865825.488347238,6814314.671157413
run_20260811T162732Z_6bbfe89e,fixed_origin_12m_ex_ante,dynamic_harmonic_arima_k2,2,model_full_evaluable_support,11,11,11,2015-02-01,2025-02-01,958070.3400751298,1048063.6403804243,62.90432847427394,55.62165423868249,50.96293553210518,321969.21489554597,-2.5005545324905705,11,0.5454545454545454,2467570.303344125,1978041.5686894148,5937982.5133489845
run_20260811T162732Z_6bbfe89e,fixed_origin_12m_ex_ante,dynamic_harmonic_arima_k2,3,model_full_evaluable_support,11,11,11,2015-03-01,2025-03-01,1064772.9425981913,1273405.818299017,66.9161577442739,55.1461494638271,49.00942553508388,361267.1968986094,-2.7510256192132,11,0.6363636363636364,2644426.361685458,2084224.590085009,10288106.52183403
run_20260811T162732Z_6bbfe89e,fixed_origin_12m_ex_ante,dynamic_harmonic_arima_k2,4,model_full_evaluable_support,10,10,10,2015-04-01,2025-04-01,675988.8014285081,828292.3461630853,32.93005391933635,39.815975149573056,23.29644833656496,-101663.88674038734,0.11985105137877738,10,0.9,2871672.1368736317,2748205.285066968,4409322.756622258
run_20260811T162732Z_6bbfe89e,fixed_origin_12m_ex_ante,dynamic_harmonic_arima_k2,5,model_full_evaluable_support,10,10,10,2015-05-01,2025-05-01,615340.4600865182,810064.4748339948,22.701591655674683,29.678454181119264,15.973283463516289,-373786.28253781237,0.6055549505081841,10,0.8,3032381.0124062914,2900799.2809569575,5092485.740008622
run_20260811T162732Z_6bbfe89e,fixed_origin_12m_ex_ante,dynamic_harmonic_arima_k2,6,model_full_evaluable_support,10,10,10,2015-06-01,2025-06-01,589841.2105724553,889382.2664526642,17.87670812367776,16.974240923357183,12.84747084935355,-71609.81285947826,0.6396651763029699,10,0.9,3184409.780494135,3045550.5532798255,9096233.252030034
run_20260811T162732Z_6bbfe89e,fixed_origin_12m_ex_ante,dynamic_harmonic_arima_k2,7,model_full_evaluable_support,11,11,11,2015-07-01,2025-07-01,1315639.0437251753,2189426.4983777194,90.4988712008556,30.786271095834856,24.623427923963458,395334.3860941035,-0.2865488407843044,11,0.7272727272727273,3250366.2605142873,2463608.5159218125,28062470.741605196
run_20260811T162732Z_6bbfe89e,fixed_origin_12m_ex_ante,dynamic_harmonic_arima_k2,8,model_full_evaluable_support,11,11,11,2015-08-01,2025-08-01,1817337.3348297663,2269270.604761825,42.48890246261728,32.462376836875215,26.795856640758977,-519140.52017432445,-0.3402750714472247,11,0.45454545454545453,3383869.40940425,2549649.1158930743,29218191.22588818
run_20260811T162732Z_6bbfe89e,fixed_origin_12m_ex_ante,dynamic_harmonic_arima_k2,9,model_full_evaluable_support,11,11,11,2015-09-01,2025-09-01,1272638.7172454486,1762282.9550332206,32.089568812947256,26.027561970642015,22.335313607868652,137556.7164781458,-0.504811433030931,11,0.7272727272727273,3512034.7394444617,2632879.470964481,20185571.117048934
run_20260811T162732Z_6bbfe89e,fixed_origin_12m_ex_ante,dynamic_harmonic_arima_k2,10,model_full_evaluable_support,11,11,11,2015-10-01,2025-10-01,1291602.1922871482,1740025.6859832583,34.9125687102866,33.452229498117894,26.246718616442532,-296428.0588667544,-0.5044370901406101,11,0.6363636363636364,3635468.829756983,2713558.181259077,17675202.739009373
run_20260811T162732Z_6bbfe89e,fixed_origin_12m_ex_ante,dynamic_harmonic_arima_k2,11,model_full_evaluable_support,11,11,11,2015-11-01,2025-11-01,1326083.2139057273,1570464.2477734806,61.75459231307712,54.5118908982899,46.96857528406622,446968.84196048416,-2.2019474648700803,11,0.6363636363636364,3754669.591965728,2791906.4628905337,15772952.175487822
run_20260811T162732Z_6bbfe89e,fixed_origin_12m_ex_ante,dynamic_harmonic_arima_k2,12,model_full_evaluable_support,11,11,11,2015-12-01,2025-12-01,1248616.0386442018,1544610.0213549715,69.49736133943762,61.81578391004106,54.6958078080531,118914.57665355575,-4.217651805965036,11,0.5454545454545454,3870052.624217685,2868115.303118372,13279864.436229335
run_20260811T162732Z_6bbfe89e,fixed_origin_12m_ex_ante,ets_holt_winters,1,model_full_evaluable_support,11,11,11,2015-01-01,2025-01-01,570761.8619560376,736145.9015249587,34.34495481329338,29.77721463008336,25.63645432131177,-249950.36410930677,0.015363433182178476,11,0.6363636363636364,1355594.2072581912,1052891.1509301385,4355691.408350268
run_20260811T162732Z_6bbfe89e,fixed_origin_12m_ex_ante,ets_holt_winters,2,model_full_evaluable_support,11,11,11,2015-02-01,2025-02-01,402697.26574777736,602142.6356661458,32.22766001235934,25.78191070452809,21.420801724902226,-78882.43032946577,-0.15547431700778014,11,1.0,1917099.7129789384,1489012.945348019,1917099.7129789384
run_20260811T162732Z_6bbfe89e,fixed_origin_12m_ex_ante,ets_holt_winters,3,model_full_evaluable_support,11,11,11,2015-03-01,2025-03-01,566715.6628046896,796784.3894098484,37.88758617498001,29.852275626493704,26.08481861683937,43859.56605215953,-0.4685813350975234,11,0.9090909090909091,2347958.0414172416,1823660.9682506705,4413890.139044412
run_20260811T162732Z_6bbfe89e,fixed_origin_12m_ex_ante,ets_holt_winters,4,model_full_evaluable_support,10,10,10,2015-04-01,2025-04-01,752399.1271317943,918962.756988603,34.78400121329136,29.281410336432334,25.92976001475401,-185509.72803240208,-0.08338969402657281,10,1.0,2779221.257641467,2778531.6269088145,2779221.257641467
run_20260811T162732Z_6bbfe89e,fixed_origin_12m_ex_ante,ets_holt_winters,5,model_full_evaluable_support,10,10,10,2015-05-01,2025-05-01,1096408.8267284788,1357158.1480857248,49.315747981153756,32.37311159686401,28.461071743556253,-136501.35533727304,-0.10715456037487936,10,0.8,3107263.8282993883,3106492.797700597,6126659.140857229
run_20260811T162732Z_6bbfe89e,fixed_origin_12m_ex_ante,ets_holt_winters,6,model_full_evaluable_support,10,10,10,2015-06-01,2025-06-01,1347200.2841454125,1529930.598619945,38.29435967218537,32.252807444827624,29.343687874913076,-286115.5693626306,-0.06628368761279702,10,0.9,3403836.981758868,3402992.3600558983,7107210.297949557
run_20260811T162732Z_6bbfe89e,fixed_origin_12m_ex_ante,ets_holt_winters,7,model_full_evaluable_support,11,11,11,2015-07-01,2025-07-01,1682796.9624611626,2068558.5890166517,79.67345571660232,36.78269108932272,31.495135321084863,-180594.66656514964,-0.1484211713727177,11,0.6363636363636364,3586565.1511249244,2785688.142981719,21096934.630002677
run_20260811T162732Z_6bbfe89e,fixed_origin_12m_ex_ante,ets_holt_winters,8,model_full_evaluable_support,11,11,11,2015-08-01,2025-08-01,1789339.4399402915,2154399.74191544,38.26496486277003,29.487674809113912,26.383039733670188,-389208.33067247306,-0.20801949157955546,11,0.6363636363636364,3834199.4259578767,2978025.8906960376,23049946.502355635
run_20260811T162732Z_6bbfe89e,fixed_origin_12m_ex_ante,ets_holt_winters,9,model_full_evaluable_support,11,11,11,2015-09-01,2025-09-01,1385009.169167416,1580957.3073051919,28.82978957946669,26.329056483745504,24.307459551508845,-356676.57278837514,-0.21107512859570154,11,0.8181818181818182,4066782.6217745733,3158673.4527904135,10604927.558693275
run_20260811T162732Z_6bbfe89e,fixed_origin_12m_ex_ante,ets_holt_winters,10,model_full_evaluable_support,11,11,11,2015-10-01,2025-10-01,1357824.8570725454,1588203.6263077199,28.811325967294998,29.777639602108525,27.59243300050956,-704820.5615262487,-0.2533578339575122,11,0.6363636363636364,4286765.277866242,3329534.165175349,5736126.189647051
run_20260811T162732Z_6bbfe89e,fixed_origin_12m_ex_ante,ets_holt_winters,11,model_full_evaluable_support,11,11,11,2015-11-01,2025-11-01,767369.8723314963,934560.3139716411,29.185965862207848,29.635357327700294,27.179493142945745,-381174.78222321864,-0.13389480024840594,11,1.0,4495997.353454692,3492044.8927207254,4495997.353454692
run_20260811T162732Z_6bbfe89e,fixed_origin_12m_ex_ante,ets_holt_winters,12,model_full_evaluable_support,11,11,11,2015-12-01,2025-12-01,586936.9871425276,745611.2688444329,30.644102246608806,29.546319579110033,25.710860385106187,-266785.6526213213,-0.21580051627309116,11,1.0,4695916.082834483,3647321.9365013405,4695916.082834483
run_20260811T162732Z_6bbfe89e,fixed_origin_12m_ex_ante,extra_trees_recursive_b0,1,model_full_evaluable_support,11,11,11,2015-01-01,2025-01-01,559587.5884393201,642878.2656096427,28.89346949739914,27.85860166047706,25.134548409793037,-388685.3879889311,0.24905928799750976,0,,,,
run_20260811T162732Z_6bbfe89e,fixed_origin_12m_ex_ante,extra_trees_recursive_b0,2,model_full_evaluable_support,11,11,11,2015-02-01,2025-02-01,632351.6353718634,747972.9491402355,37.049541817584775,37.34204458695445,33.636878503670644,-454838.50655289163,-0.7829260139454091,0,,,,
run_20260811T162732Z_6bbfe89e,fixed_origin_12m_ex_ante,extra_trees_recursive_b0,3,model_full_evaluable_support,11,11,11,2015-03-01,2025-03-01,712481.3136192146,814903.000111942,36.0006117813212,35.85496311766628,32.794127731828176,-398274.0000374727,-0.5361308247615817,0,,,,
run_20260811T162732Z_6bbfe89e,fixed_origin_12m_ex_ante,extra_trees_recursive_b0,4,model_full_evaluable_support,10,10,10,2015-04-01,2025-04-01,1087453.8605300423,1284624.0051541645,37.06713124428552,42.09696287088022,37.47667509683667,-884499.1275848083,-1.1170979147016493,0,,,,
run_20260811T162732Z_6bbfe89e,fixed_origin_12m_ex_ante,extra_trees_recursive_b0,5,model_full_evaluable_support,10,10,10,2015-05-01,2025-05-01,1015533.7462512206,1212268.0006744845,41.28416203020945,30.03220107587041,26.36168015565985,-379474.37548282754,0.11662598616967368,0,,,,
run_20260811T162732Z_6bbfe89e,fixed_origin_12m_ex_ante,extra_trees_recursive_b0,6,model_full_evaluable_support,10,10,10,2015-06-01,2025-06-01,1512862.948194001,1699063.7611061384,35.739976126024246,36.090544128391414,32.95202552416765,-924402.6952199277,-0.3150693567295677,0,,,,
run_20260811T162732Z_6bbfe89e,fixed_origin_12m_ex_ante,extra_trees_recursive_b0,7,model_full_evaluable_support,11,11,11,2015-07-01,2025-07-01,1865049.0455993623,2144129.2192796404,72.42005332869,40.94907671402655,34.90615527716568,-772546.7025448043,-0.23386444079395052,0,,,,
run_20260811T162732Z_6bbfe89e,fixed_origin_12m_ex_ante,extra_trees_recursive_b0,8,model_full_evaluable_support,11,11,11,2015-08-01,2025-08-01,2155120.471491296,2385967.493056929,39.07515064598827,35.83229146828243,31.776323575642085,-1292837.5446991757,-0.48166632315063773,0,,,,
run_20260811T162732Z_6bbfe89e,fixed_origin_12m_ex_ante,extra_trees_recursive_b0,9,model_full_evaluable_support,11,11,11,2015-09-01,2025-09-01,1594886.0529200814,1769445.8754375007,30.11694028887385,30.353445006435052,27.990881998221884,-976421.4469865133,-0.5170691129514438,0,,,,
run_20260811T162732Z_6bbfe89e,fixed_origin_12m_ex_ante,extra_trees_recursive_b0,10,model_full_evaluable_support,11,11,11,2015-10-01,2025-10-01,1419569.0268582278,1671602.8680815648,28.510389170865086,30.704535029962038,28.84713964335054,-993355.5054804593,-0.38844579173175253,0,,,,
run_20260811T162732Z_6bbfe89e,fixed_origin_12m_ex_ante,extra_trees_recursive_b0,11,model_full_evaluable_support,11,11,11,2015-11-01,2025-11-01,956520.6235413355,1163229.6809364832,32.22319454141418,36.60178306269086,33.879028439882696,-752497.6736676141,-0.7566653878735745,0,,,,
run_20260811T162732Z_6bbfe89e,fixed_origin_12m_ex_ante,extra_trees_recursive_b0,12,model_full_evaluable_support,11,11,11,2015-12-01,2025-12-01,820038.6347080056,940765.612763371,35.704028539725144,40.32413728801434,35.921912077847566,-682917.0630748211,-0.9355316005201029,0,,,,
run_20260811T162732Z_6bbfe89e,fixed_origin_12m_ex_ante,hist_gradient_boosting_recursive_b0,1,model_full_evaluable_support,11,11,11,2015-01-01,2025-01-01,428264.7572592862,545734.6959093377,24.768984361395123,22.327940912886397,19.236025773128873,-223676.96847794883,0.4588579351484109,0,,,,
run_20260811T162732Z_6bbfe89e,fixed_origin_12m_ex_ante,hist_gradient_boosting_recursive_b0,2,model_full_evaluable_support,11,11,11,2015-02-01,2025-02-01,495462.9692715151,639814.1628525886,29.173256905514577,30.69731794569357,26.35531683357358,-359431.5896857793,-0.3045755566278716,0,,,,
run_20260811T162732Z_6bbfe89e,fixed_origin_12m_ex_ante,hist_gradient_boosting_recursive_b0,3,model_full_evaluable_support,11,11,11,2015-03-01,2025-03-01,748464.5788902956,904018.3436063323,36.14485799448918,38.80506628163759,34.450367376225024,-430035.5884334875,-0.8904746427287253,0,,,,
run_20260811T162732Z_6bbfe89e,fixed_origin_12m_ex_ante,hist_gradient_boosting_recursive_b0,4,model_full_evaluable_support,10,10,10,2015-04-01,2025-04-01,1009881.6233246317,1242046.070071604,32.38528073157242,39.28923275554117,34.80332072678099,-898957.7129892396,-0.9790842746897359,0,,,,
run_20260811T162732Z_6bbfe89e,fixed_origin_12m_ex_ante,hist_gradient_boosting_recursive_b0,5,model_full_evaluable_support,10,10,10,2015-05-01,2025-05-01,1152270.9576280005,1340826.7003169153,38.80754616144115,34.44791286954064,29.911165975306677,-603089.00658649,-0.08066885589412065,0,,,,
run_20260811T162732Z_6bbfe89e,fixed_origin_12m_ex_ante,hist_gradient_boosting_recursive_b0,6,model_full_evaluable_support,10,10,10,2015-06-01,2025-06-01,1545276.273155673,1849208.1461657626,32.41450293185258,37.657328099865495,33.658027817855384,-1200495.523143174,-0.5577612627107922,0,,,,
run_20260811T162732Z_6bbfe89e,fixed_origin_12m_ex_ante,hist_gradient_boosting_recursive_b0,7,model_full_evaluable_support,11,11,11,2015-07-01,2025-07-01,2313357.387003683,2703457.125239053,80.11934109131717,51.72072799949877,43.29666951808145,-1354728.5293525672,-0.9615731605996036,0,,,,
run_20260811T162732Z_6bbfe89e,fixed_origin_12m_ex_ante,hist_gradient_boosting_recursive_b0,8,model_full_evaluable_support,11,11,11,2015-08-01,2025-08-01,2979199.6750056054,3369175.5762372357,47.45651833188403,52.798968710875016,43.92701666645934,-2368164.8538405797,-1.9543956316474667,0,,,,
run_20260811T162732Z_6bbfe89e,fixed_origin_12m_ex_ante,hist_gradient_boosting_recursive_b0,9,model_full_evaluable_support,11,11,11,2015-09-01,2025-09-01,2160926.0727073452,2517175.5088284793,38.76034597204086,43.48371845944183,37.925108566400674,-1611511.7870700133,-2.07013728484557,0,,,,
run_20260811T162732Z_6bbfe89e,fixed_origin_12m_ex_ante,hist_gradient_boosting_recursive_b0,10,model_full_evaluable_support,11,11,11,2015-10-01,2025-10-01,1596233.070304647,2013235.0643487037,32.197545816900245,34.90660608865864,32.43713930862695,-876791.3594234464,-1.013963915644358,0,,,,
run_20260811T162732Z_6bbfe89e,fixed_origin_12m_ex_ante,hist_gradient_boosting_recursive_b0,11,model_full_evaluable_support,11,11,11,2015-11-01,2025-11-01,1015188.1818892595,1266512.0546484669,35.16639770801457,39.86450629965503,35.95697619014561,-754777.0390530708,-1.0824603905164705,0,,,,
run_20260811T162732Z_6bbfe89e,fixed_origin_12m_ex_ante,hist_gradient_boosting_recursive_b0,12,model_full_evaluable_support,11,11,11,2015-12-01,2025-12-01,794808.1836728714,929641.017420057,36.59262261573396,39.162816234704664,34.81668848787458,-594141.2566049222,-0.8900267540954698,0,,,,
run_20260811T162732Z_6bbfe89e,fixed_origin_12m_ex_ante,naive_last,1,model_full_evaluable_support,11,11,11,2015-01-01,2025-01-01,3305318.3636363638,3387565.7085030302,159.20868494215335,87.15683999096086,148.46234286985938,3305318.3636363638,-19.850843048204798,11,0.5454545454545454,7115353.145417273,7116365.0670049945,13157963.487601738
run_20260811T162732Z_6bbfe89e,fixed_origin_12m_ex_ante,naive_last,2,model_full_evaluable_support,11,11,11,2015-02-01,2025-02-01,3651751.0,3752981.507780484,202.35219302703715,99.54995653646029,194.24873415631126,3651751.0,-43.88635990240578,11,0.36363636363636365,7955206.658534985,7956338.021264009,13945544.940110302
run_20260811T162732Z_6bbfe89e,fixed_origin_12m_ex_ante,naive_last,3,model_full_evaluable_support,11,11,11,2015-03-01,2025-03-01,3359098.4545454546,3534516.4697408048,175.31586038377554,87.10537055522963,154.6127620141692,3359098.4545454546,-27.89857246741285,11,0.9090909090909091,8714492.272989817,8715731.618764631,13535711.147963215
run_20260811T162732Z_6bbfe89e,fixed_origin_12m_ex_ante,naive_last,4,model_full_evaluable_support,10,10,10,2015-04-01,2025-04-01,2508996.5,2595585.030282133,92.2911034196256,61.755348101053116,86.46697580692687,2508996.5,-7.642898235119734,10,1.0,9412593.591944283,9366026.959502943,9412593.591944283
run_20260811T162732Z_6bbfe89e,fixed_origin_12m_ex_ante,naive_last,5,model_full_evaluable_support,10,10,10,2015-05-01,2025-05-01,1558367.9,1667248.5652200454,51.76696802899253,37.584197751148864,40.452812421345904,1558367.9,-0.6708906971682962,10,1.0,10062485.811999831,10012703.98792802,10062485.811999831
run_20260811T162732Z_6bbfe89e,fixed_origin_12m_ex_ante,naive_last,6,model_full_evaluable_support,10,10,10,2015-06-01,2025-06-01,926207.1,1117593.7603866174,25.993019998808787,21.10854056738707,20.173935805817315,819570.7,0.4310196856584724,10,1.0,10672877.929887751,10620076.331816234,10672877.929887751
run_20260811T162732Z_6bbfe89e,fixed_origin_12m_ex_ante,naive_last,7,model_full_evaluable_support,11,11,11,2015-07-01,2025-07-01,1292900.4545454546,2052857.0040597967,85.2910233362073,30.100550304191817,24.197853740504954,188648.81818181818,-0.13105294619425445,11,0.9090909090909091,11250361.147980928,11251961.136496276,12482162.7179877
run_20260811T162732Z_6bbfe89e,fixed_origin_12m_ex_ante,naive_last,8,model_full_evaluable_support,11,11,11,2015-08-01,2025-08-01,2231987.272727273,2453913.9372806787,44.50674823767055,39.82150332550055,32.909691468810855,-1250471.4545454546,-0.5672562827477112,11,1.0,11799478.3171121,11801156.399223968,11799478.3171121
run_20260811T162732Z_6bbfe89e,fixed_origin_12m_ex_ante,naive_last,9,model_full_evaluable_support,11,11,11,2015-09-01,2025-09-01,1182304.3636363635,1648389.5555112406,29.330047958540817,24.63648653365,20.749909918603176,-166190.54545454544,-0.31658986906649966,11,1.0,12324153.161657738,12325905.86126095,12324153.161657738
run_20260811T162732Z_6bbfe89e,fixed_origin_12m_ex_ante,naive_last,10,model_full_evaluable_support,11,11,11,2015-10-01,2025-10-01,1208197.0,1715168.379546637,35.574858931662774,26.48930274173483,24.551837153571512,610682.0909090909,-0.4617605478914475,11,1.0,12827385.304417979,12829209.572003618,12827385.304417979
run_20260811T162732Z_6bbfe89e,fixed_origin_12m_ex_ante,naive_last,11,model_full_evaluable_support,11,11,11,2015-11-01,2025-11-01,2708345.1818181816,3018195.8720829627,118.86317411641475,63.92170817678596,95.926947293753,2708345.1818181816,-10.826410125493306,11,1.0,13311606.828027872,13313499.95996964,13311606.828027872
run_20260811T162732Z_6bbfe89e,fixed_origin_12m_ex_ante,naive_last,12,model_full_evaluable_support,11,11,11,2015-12-01,2025-12-01,3248849.727272727,3512704.1348248166,172.7286789444645,81.32125097047043,142.31633647210478,3248849.727272727,-25.98488310273827,11,1.0,13778822.117292829,13780781.695021287,13778822.117292829
run_20260811T162732Z_6bbfe89e,fixed_origin_12m_ex_ante,ridge_recursive_b0,1,model_full_evaluable_support,11,11,11,2015-01-01,2025-01-01,642422.8385724054,862347.3950179741,29.698131861797773,38.7369090004229,28.855193126581856,-278009.8055340362,-0.3511783405345339,0,,,,
run_20260811T162732Z_6bbfe89e,fixed_origin_12m_ex_ante,ridge_recursive_b0,2,model_full_evaluable_support,11,11,11,2015-02-01,2025-02-01,558719.0218067601,622170.0549441639,36.865180580272664,29.856215402325805,29.720115838953863,301939.678102026,-0.23361530166753508,0,,,,
run_20260811T162732Z_6bbfe89e,fixed_origin_12m_ex_ante,ridge_recursive_b0,3,model_full_evaluable_support,11,11,11,2015-03-01,2025-03-01,563928.3672888597,680077.4983377059,35.33298437930621,27.11773093025616,25.95652483084777,383312.91519036645,-0.06987535103619491,0,,,,
run_20260811T162732Z_6bbfe89e,fixed_origin_12m_ex_ante,ridge_recursive_b0,4,model_full_evaluable_support,10,10,10,2015-04-01,2025-04-01,749084.290062309,978024.7162704896,32.34335803755161,27.19277482923734,25.815521538657652,15597.86702003642,-0.22712424972956025,0,,,,
run_20260811T162732Z_6bbfe89e,fixed_origin_12m_ex_ante,ridge_recursive_b0,5,model_full_evaluable_support,10,10,10,2015-05-01,2025-05-01,1581598.6225476055,1957727.4757406728,42.921138351573234,52.34645585068546,41.055845929435115,-728117.9274560335,-1.3038373154597425,0,,,,
run_20260811T162732Z_6bbfe89e,fixed_origin_12m_ex_ante,ridge_recursive_b0,6,model_full_evaluable_support,10,10,10,2015-06-01,2025-06-01,2246505.943869959,3155893.1150430455,47.22245344268732,40.771678618820815,48.931677050434615,359657.1852277308,-3.5370532442854588,0,,,,
run_20260811T162732Z_6bbfe89e,fixed_origin_12m_ex_ante,ridge_recursive_b0,7,model_full_evaluable_support,11,11,11,2015-07-01,2025-07-01,2356426.3112988845,2761487.8569998275,78.35085719647161,49.16050193235287,44.10274513449274,1766.4098990541374,-1.0466888025380658,0,,,,
run_20260811T162732Z_6bbfe89e,fixed_origin_12m_ex_ante,ridge_recursive_b0,8,model_full_evaluable_support,11,11,11,2015-08-01,2025-08-01,2365264.4239020813,2878862.9888981213,40.28916783964843,39.976992746920956,34.874805687247054,-1073528.0894814671,-1.157065624045599,0,,,,
run_20260811T162732Z_6bbfe89e,fixed_origin_12m_ex_ante,ridge_recursive_b0,9,model_full_evaluable_support,11,11,11,2015-09-01,2025-09-01,2384568.5924290395,3042046.5887012472,41.07791243242943,53.838553104258565,41.85012337724161,-1571648.606542614,-3.48396818676893,0,,,,
run_20260811T162732Z_6bbfe89e,fixed_origin_12m_ex_ante,ridge_recursive_b0,10,model_full_evaluable_support,11,11,11,2015-10-01,2025-10-01,2767563.3392352504,4439363.790547207,51.28029832527917,45.01750499340462,56.23980560876949,427285.36281881906,-8.792739100113655,0,,,,
run_20260811T162732Z_6bbfe89e,fixed_origin_12m_ex_ante,ridge_recursive_b0,11,model_full_evaluable_support,11,11,11,2015-11-01,2025-11-01,3749233.085731149,8404186.733800663,142.69607543693573,67.03782937450713,132.7941825958399,1732604.153291954,-90.69580786577512,0,,,,
run_20260811T162732Z_6bbfe89e,fixed_origin_12m_ex_ante,ridge_recursive_b0,12,model_full_evaluable_support,11,11,11,2015-12-01,2025-12-01,1161629.2040731853,1447152.4414712545,49.24622755405906,64.84224475942202,50.885336823959825,-727146.2039620343,-3.5800050880896688,0,,,,
run_20260811T162732Z_6bbfe89e,fixed_origin_12m_ex_ante,same_month_historical_mean,1,model_full_evaluable_support,11,11,11,2015-01-01,2025-01-01,842832.402445742,966980.716080458,38.44107682025709,42.65140383878997,37.85682931191713,-699628.2905576301,-0.6989624873672182,11,1.0,2432071.291004083,2219957.6692440286,2432071.291004083
run_20260811T162732Z_6bbfe89e,fixed_origin_12m_ex_ante,same_month_historical_mean,2,model_full_evaluable_support,11,11,11,2015-02-01,2025-02-01,626087.3008911245,713473.5145334156,35.03804695776551,37.14593807202688,33.303657798530764,-493039.860331684,-0.6222480104459589,11,1.0,2432071.291004083,2219957.6692440286,2432071.291004083
run_20260811T162732Z_6bbfe89e,fixed_origin_12m_ex_ante,same_month_historical_mean,3,model_full_evaluable_support,11,11,11,2015-03-01,2025-03-01,670688.5918146693,753013.6234887531,33.634005881554465,33.70069129955591,30.870490113661102,-390462.9892505668,-0.3116623044975142,11,1.0,2432071.291004083,2219957.6692440286,2432071.291004083
run_20260811T162732Z_6bbfe89e,fixed_origin_12m_ex_ante,same_month_historical_mean,4,model_full_evaluable_support,10,10,10,2015-04-01,2025-04-01,896386.856458264,1050373.6640651391,32.46441267689521,33.580267510367825,30.891976386186244,-638228.9231249306,-0.41539131482107794,10,0.9,2453282.653180088,2364127.163086871,2983176.377831972
run_20260811T162732Z_6bbfe89e,fixed_origin_12m_ex_ante,same_month_historical_mean,5,model_full_evaluable_support,10,10,10,2015-05-01,2025-05-01,1178723.9062751136,1405190.5182586878,43.31287869802741,34.49480287079758,30.597843472714803,-587222.7923862251,-0.18690991468279594,10,0.6,2453282.653180088,2364127.1630868716,9072057.574834287
run_20260811T162732Z_6bbfe89e,fixed_origin_12m_ex_ante,same_month_historical_mean,6,model_full_evaluable_support,10,10,10,2015-06-01,2025-06-01,1445111.2357099846,1633020.5053448242,35.17090543072337,34.225090189051244,31.47630945765646,-769813.6829322067,-0.21482180968324505,10,0.4,2453282.653180088,2364127.1630868716,15678552.173209071
run_20260811T162732Z_6bbfe89e,fixed_origin_12m_ex_ante,same_month_historical_mean,7,model_full_evaluable_support,11,11,11,2015-07-01,2025-07-01,1775110.6256793342,2053774.5939341919,71.54460237210536,39.02159039872101,33.22287276053753,-650334.0318564902,-0.1320642925054929,11,0.2727272727272727,2432071.291004083,2219957.669244028,28760652.419698432
run_20260811T162732Z_6bbfe89e,fixed_origin_12m_ex_ante,same_month_historical_mean,8,model_full_evaluable_support,11,11,11,2015-08-01,2025-08-01,1924795.5079487583,2178572.070048251,36.4910379954312,31.750253711849222,28.380281142797884,-986345.6215851218,-0.23527948268491738,11,0.18181818181818182,2432071.2910040827,2219957.6692440286,35756800.92710806
run_20260811T162732Z_6bbfe89e,fixed_origin_12m_ex_ante,same_month_historical_mean,9,model_full_evaluable_support,11,11,11,2015-09-01,2025-09-01,1465146.5246469511,1619033.621764528,28.035380458829223,27.71952950718046,25.71390188434529,-800278.885369562,-0.2701135114254152,11,0.18181818181818182,2432071.291004083,2219957.669244028,16960629.97110415
run_20260811T162732Z_6bbfe89e,fixed_origin_12m_ex_ante,same_month_historical_mean,10,model_full_evaluable_support,11,11,11,2015-10-01,2025-10-01,1420973.7843733286,1697449.1199321093,28.126363699612096,30.667052738570252,28.875685797455386,-1038410.5258137066,-0.43171390896893036,11,0.36363636363636365,2432071.291004083,2219957.6692440277,18550834.641329285
run_20260811T162732Z_6bbfe89e,fixed_origin_12m_ex_ante,same_month_historical_mean,11,model_full_evaluable_support,11,11,11,2015-11-01,2025-11-01,873320.1986040474,1067518.7077947475,29.710991799327125,32.894657190945416,30.932150460164053,-679194.9235154997,-0.4794799477882403,11,0.8181818181818182,2432071.2910040827,2219957.6692440277,2582943.4497907627
run_20260811T162732Z_6bbfe89e,fixed_origin_12m_ex_ante,same_month_historical_mean,12,model_full_evaluable_support,11,11,11,2015-12-01,2025-12-01,785696.1831096933,900040.7571527753,33.919528711743204,38.26871060115846,34.41753597331003,-663132.4641014289,-0.7715840022570362,11,1.0,2432071.291004083,2219957.6692440277,2432071.291004083
run_20260811T162732Z_6bbfe89e,fixed_origin_12m_ex_ante,sarima_111_111_12,1,model_full_evaluable_support,11,11,11,2015-01-01,2025-01-01,627249.3168226308,739925.84080976,34.170148631326875,48.513311990905,28.173656178933644,70973.68637771368,0.00522570941036804,11,0.9090909090909091,2806278.2688536155,2126887.949329913,5782416.664907249
run_20260811T162732Z_6bbfe89e,fixed_origin_12m_ex_ante,sarima_111_111_12,2,model_full_evaluable_support,11,11,11,2015-02-01,2025-02-01,760867.4973019229,895027.202823852,47.455561736394216,58.083707351204545,40.473062980356296,179371.74346884212,-1.5529012069832033,11,0.9090909090909091,3216141.7565646116,2381715.029809404,6286839.350342256
run_20260811T162732Z_6bbfe89e,fixed_origin_12m_ex_ante,sarima_111_111_12,3,model_full_evaluable_support,11,11,11,2015-03-01,2025-03-01,1019169.0949350956,1214455.2726329258,62.6294685001047,62.04176236795136,46.910369213551085,220652.7985551596,-2.4117674391183868,11,0.8181818181818182,3581414.8512898386,2604739.3205765756,10351802.879461037
run_20260811T162732Z_6bbfe89e,fixed_origin_12m_ex_ante,sarima_111_111_12,4,model_full_evaluable_support,10,10,10,2015-04-01,2025-04-01,865596.5341004699,1099491.9679223194,41.69208630758437,51.959569302760556,29.8308565088174,-187128.78314077706,-0.5508614475993427,10,0.8,4039930.058479016,4236460.415363924,8836307.774762718
run_20260811T162732Z_6bbfe89e,fixed_origin_12m_ex_ante,sarima_111_111_12,5,model_full_evaluable_support,10,10,10,2015-05-01,2025-05-01,977554.3085957852,1218587.3142129576,38.76355590096976,47.13217001201334,25.375792890307725,-316770.82096416,0.10739227362312931,10,0.8,4362615.332934726,4589697.623068848,11151551.129249645
run_20260811T162732Z_6bbfe89e,fixed_origin_12m_ex_ante,sarima_111_111_12,6,model_full_evaluable_support,10,10,10,2015-06-01,2025-06-01,1082845.5643489987,1462209.8621742765,34.88199039517933,46.43483627723339,23.58571522804211,-473223.0802374586,0.02602295461103643,10,0.7,4659830.480721711,4900518.62899988,15708497.494682094
run_20260811T162732Z_6bbfe89e,fixed_origin_12m_ex_ante,sarima_111_111_12,7,model_full_evaluable_support,11,11,11,2015-07-01,2025-07-01,1758006.8466051249,2626248.415567747,102.32773741324695,49.42784572828418,32.90275937284974,78464.42741521346,-0.851130960943353,11,0.7272727272727273,4785263.738702879,3362379.2088391595,35799500.035804085
run_20260811T162732Z_6bbfe89e,fixed_origin_12m_ex_ante,sarima_111_111_12,8,model_full_evaluable_support,11,11,11,2015-08-01,2025-08-01,1919849.4810926325,2746068.093076603,48.98942063650936,37.273317796174496,28.307354106062295,105310.35803327984,-0.9626550183665035,11,0.6363636363636364,5042209.345323966,3527835.208986694,38444922.41410473
run_20260811T162732Z_6bbfe89e,fixed_origin_12m_ex_ante,sarima_111_111_12,9,model_full_evaluable_support,11,11,11,2015-09-01,2025-09-01,1585482.2592369905,2124370.88135659,38.30785295370641,34.74769408680457,27.825841694033947,221665.45744774118,-1.1867114582290466,11,0.7272727272727273,5285894.620153877,3683157.506164465,26996526.623478353
run_20260811T162732Z_6bbfe89e,fixed_origin_12m_ex_ante,sarima_111_111_12,10,model_full_evaluable_support,11,11,11,2015-10-01,2025-10-01,1619631.1879882426,2117234.9644064577,43.34428840475362,46.80702890149214,32.91261373462515,47023.67592477718,-1.227413400219485,11,0.7272727272727273,5838227.540932249,4162371.1019434496,21718916.45815287
run_20260811T162732Z_6bbfe89e,fixed_origin_12m_ex_ante,sarima_111_111_12,11,model_full_evaluable_support,11,11,11,2015-11-01,2025-11-01,1703691.8360866823,2095598.2738297735,74.28616004832023,67.11280288369166,60.34310473503592,287429.06844431,-4.701303468654223,11,0.8181818181818182,6316799.2018281035,4579779.6934008505,16811212.267939545
run_20260811T162732Z_6bbfe89e,fixed_origin_12m_ex_ante,sarima_111_111_12,12,model_full_evaluable_support,11,11,11,2015-12-01,2025-12-01,1818315.3635016396,2268829.4349160935,94.15448635682591,72.30561158631092,79.6515698809278,397923.82975906035,-10.257477639754837,11,0.8181818181818182,6804830.56838857,4972252.9271720955,17220084.70338648
run_20260811T162732Z_6bbfe89e,fixed_origin_12m_ex_ante,seasonal_moving_average_3,1,model_full_evaluable_support,11,11,11,2015-01-01,2025-01-01,602238.4242424243,754121.5700362236,33.72944654053248,29.13594016086428,27.050261909088253,-321334.5454545455,-0.03331061145663772,11,1.0,2670772.8704439444,2183034.079132069,2670772.8704439444
run_20260811T162732Z_6bbfe89e,fixed_origin_12m_ex_ante,seasonal_moving_average_3,2,model_full_evaluable_support,11,11,11,2015-02-01,2025-02-01,463179.5757575756,592211.5144112214,31.1264196005025,26.501061146474296,24.638056175781518,-224938.84848484845,-0.11767421726710836,11,1.0,2670772.8704439453,2183034.079132069,2670772.8704439453
run_20260811T162732Z_6bbfe89e,fixed_origin_12m_ex_ante,seasonal_moving_average_3,3,model_full_evaluable_support,11,11,11,2015-03-01,2025-03-01,600195.2424242424,736584.2810630853,33.49288571118221,30.67189161011132,27.625818485136715,-199214.93939393942,-0.25505068164157185,11,0.9090909090909091,2670772.8704439444,2183034.079132069,2838635.756870487
run_20260811T162732Z_6bbfe89e,fixed_origin_12m_ex_ante,seasonal_moving_average_3,4,model_full_evaluable_support,10,10,10,2015-04-01,2025-04-01,769438.7333333335,905394.5903520865,32.3496756251381,28.80993666401149,26.516992088289403,-318695.2000000002,-0.051634120795509775,10,0.9,2719546.7495751325,2688378.61261941,2854097.3762080753
run_20260811T162732Z_6bbfe89e,fixed_origin_12m_ex_ante,seasonal_moving_average_3,5,model_full_evaluable_support,10,10,10,2015-05-01,2025-05-01,1162297.8,1392328.7543134743,47.06568721355065,34.361476385581646,30.171447243711203,-346341.1333333334,-0.1652816857394146,10,0.6,2719546.749575132,2688378.6126194093,9963020.094162093
run_20260811T162732Z_6bbfe89e,fixed_origin_12m_ex_ante,seasonal_moving_average_3,6,model_full_evaluable_support,10,10,10,2015-06-01,2025-06-01,1331813.7666666668,1528836.0443946566,36.48409983738993,32.07082104671513,29.008550500246756,-423878.6333333335,-0.06475853630574857,10,0.6,2719546.749575132,2688378.61261941,14313050.760828758
run_20260811T162732Z_6bbfe89e,fixed_origin_12m_ex_ante,seasonal_moving_average_3,7,model_full_evaluable_support,11,11,11,2015-07-01,2025-07-01,1751402.9696969697,2227304.351518334,81.2286083124869,38.67652473859448,32.77916157614232,-439574.6060606061,-0.3314494081084427,11,0.45454545454545453,2670772.8704439444,2183034.07913207,32784503.43861793
run_20260811T162732Z_6bbfe89e,fixed_origin_12m_ex_ante,seasonal_moving_average_3,8,model_full_evaluable_support,11,11,11,2015-08-01,2025-08-01,1768406.1818181819,2242915.152034116,38.87602881771302,29.401589880783533,26.07438785439947,-465511.99999999994,-0.3093237770511872,11,0.36363636363636365,2670772.8704439453,2183034.079132069,36067318.39922876
run_20260811T162732Z_6bbfe89e,fixed_origin_12m_ex_ante,seasonal_moving_average_3,9,model_full_evaluable_support,11,11,11,2015-09-01,2025-09-01,1335444.8484848484,1640909.176424263,28.847676590307593,25.49585438894763,23.43758609001128,-332523.696969697,-0.30466763275516895,11,0.45454545454545453,2670772.8704439453,2183034.079132069,19944219.80225429
run_20260811T162732Z_6bbfe89e,fixed_origin_12m_ex_ante,seasonal_moving_average_3,10,model_full_evaluable_support,11,11,11,2015-10-01,2025-10-01,1253203.0,1456874.7383439725,26.18785042148713,27.059914361864525,25.466406534999905,-692106.5757575757,-0.05464704221716721,11,0.45454545454545453,2670772.8704439444,2183034.0791320694,10703889.073165912
run_20260811T162732Z_6bbfe89e,fixed_origin_12m_ex_ante,seasonal_moving_average_3,11,model_full_evaluable_support,11,11,11,2015-11-01,2025-11-01,750338.0606060607,906415.0521021781,27.07770742613586,28.080385532387535,26.576242967646387,-470480.6666666669,-0.06662635885659118,11,1.0,2670772.8704439444,2183034.079132069,2670772.8704439444
run_20260811T162732Z_6bbfe89e,fixed_origin_12m_ex_ante,seasonal_moving_average_3,12,model_full_evaluable_support,11,11,11,2015-12-01,2025-12-01,595764.9090909091,713900.6333970767,28.24675716090541,28.254789139100243,26.097568794488357,-411046.24242424255,-0.11458432682831687,11,1.0,2670772.8704439453,2183034.079132069,2670772.8704439453
run_20260811T162732Z_6bbfe89e,fixed_origin_12m_ex_ante,seasonal_naive,1,model_full_evaluable_support,11,11,11,2015-01-01,2025-01-01,506065.54545454547,735176.8879251875,33.69998627366375,27.663421140869527,22.730541587297697,-161856.27272727274,0.017953947502477918,11,1.0,2776993.3687243606,2007599.9914494846,2776993.3687243606
run_20260811T162732Z_6bbfe89e,fixed_origin_12m_ex_ante,seasonal_naive,2,model_full_evaluable_support,11,11,11,2015-02-01,2025-02-01,379479.36363636365,569068.5385218231,29.547087375210296,24.59665079266384,20.185764589317884,-114501.18181818182,-0.03202612230548674,11,1.0,3927261.684670141,2839175.135727971,3927261.684670141
run_20260811T162732Z_6bbfe89e,fixed_origin_12m_ex_ante,seasonal_naive,3,model_full_evaluable_support,11,11,11,2015-03-01,2025-03-01,401460.7272727273,633585.9506620737,23.295711360412096,20.815029157717632,18.47845567011008,-92314.72727272728,0.07140263356467758,11,1.0,4809893.606912445,3477265.186465351,4809893.606912445
run_20260811T162732Z_6bbfe89e,fixed_origin_12m_ex_ante,seasonal_naive,4,model_full_evaluable_support,10,10,10,2015-04-01,2025-04-01,699740.6,946508.9115433621,34.41601953024353,28.92891951386178,24.115001169321875,-166916.8,-0.14931292971032706,10,1.0,5707865.412903697,5772064.303407744,5707865.412903697
run_20260811T162732Z_6bbfe89e,fixed_origin_12m_ex_ante,seasonal_naive,5,model_full_evaluable_support,10,10,10,2015-05-01,2025-05-01,1037186.7,1504304.6797779696,49.519880020098675,34.98788968008727,26.923757234100346,-175484.1,-0.36025067310139613,10,0.9,6381587.534836287,6453364.076459844,7315793.735573307
run_20260811T162732Z_6bbfe89e,fixed_origin_12m_ex_ante,seasonal_naive,6,model_full_evaluable_support,10,10,10,2015-06-01,2025-06-01,1251924.6,1654267.675428617,39.76967263105456,33.22629397157234,27.26846567481886,-202105.8,-0.2466394652910966,10,0.9,6990678.8910472365,7069306.152941099,10135230.18864669
run_20260811T162732Z_6bbfe89e,fixed_origin_12m_ex_ante,seasonal_naive,7,model_full_evaluable_support,11,11,11,2015-07-01,2025-07-01,1620735.9090909092,2302821.059831358,91.9454100097694,42.53585082339032,30.33360406231287,-222840.81818181818,-0.4232655023200016,11,0.8181818181818182,7347233.846120152,5311610.3094707355,22240803.07076151
run_20260811T162732Z_6bbfe89e,fixed_origin_12m_ex_ante,seasonal_naive,8,model_full_evaluable_support,11,11,11,2015-08-01,2025-08-01,1690053.2727272727,2389736.0043871715,43.242543156845464,31.568234244491784,24.919107940677183,-206943.45454545456,-0.4863504489030612,11,0.8181818181818182,7854523.369340282,5678350.271455943,23550360.718150295
run_20260811T162732Z_6bbfe89e,fixed_origin_12m_ex_ante,seasonal_naive,9,model_full_evaluable_support,11,11,11,2015-09-01,2025-09-01,1182304.3636363635,1648389.5555112406,29.330047958540817,24.63648653365,20.749909918603176,-166190.54545454544,-0.31658986906649966,11,0.8181818181818182,8330980.106173082,6022799.974348452,13546386.627095992
run_20260811T162732Z_6bbfe89e,fixed_origin_12m_ex_ante,seasonal_naive,10,model_full_evaluable_support,11,11,11,2015-10-01,2025-10-01,1369017.4545454546,1663101.049515633,31.33021898976271,31.383577881254766,27.819878384400052,-493016.54545454547,-0.374358359961962,11,1.0,8781624.092352778,6348588.603514934,8781624.092352778
run_20260811T162732Z_6bbfe89e,fixed_origin_12m_ex_ante,seasonal_naive,11,model_full_evaluable_support,11,11,11,2015-11-01,2025-11-01,777998.2727272727,968814.6542195027,30.921156199872925,31.057168167420915,27.555940728514617,-352499.0,-0.21853916595091616,11,1.0,9210245.049363768,6658455.900758648,9210245.049363768
run_20260811T162732Z_6bbfe89e,fixed_origin_12m_ex_ante,seasonal_naive,12,model_full_evaluable_support,11,11,11,2015-12-01,2025-12-01,581395.6363636364,733367.2002339,29.981094581609053,29.31768888820401,25.468120705477894,-299789.2727272727,-0.1761977973582125,11,1.0,9619787.21382489,6954530.372930702,9619787.21382489
run_20260811T162732Z_6bbfe89e,fixed_origin_12m_ex_ante,stl_arima_111,1,model_full_evaluable_support,11,11,11,2015-01-01,2025-01-01,623409.6262942908,817487.446524763,38.27340890745557,31.213763717161797,28.00119186868626,-67659.54493992361,-0.214256250857926,11,0.7272727272727273,1644450.1613197997,1730698.9735538885,4819895.733743495
run_20260811T162732Z_6bbfe89e,fixed_origin_12m_ex_ante,stl_arima_111,2,model_full_evaluable_support,11,11,11,2015-02-01,2025-02-01,421351.418384563,615765.7915392277,32.883607868235174,26.566084723661053,22.413077905960087,-70542.03740777496,-0.2083497454758716,11,1.0,2325603.720785085,2447577.960785105,2325603.720785085
run_20260811T162732Z_6bbfe89e,fixed_origin_12m_ex_ante,stl_arima_111,3,model_full_evaluable_support,11,11,11,2015-03-01,2025-03-01,610857.9725485761,813077.1834737128,39.55750718327949,30.790007282298305,28.116603193427732,85228.65245735085,-0.5292550341095943,11,0.9090909090909091,2848271.2299207295,2997658.5548026394,3782845.6925075306
run_20260811T162732Z_6bbfe89e,fixed_origin_12m_ex_ante,stl_arima_111,4,model_full_evaluable_support,10,10,10,2015-04-01,2025-04-01,724605.224673609,1000423.0261932589,36.383355329171415,29.465713736343428,24.971905074967523,-124648.21878161785,-0.2839740196222378,10,1.0,3385584.557989338,3486683.930042414,3385584.557989338
run_20260811T162732Z_6bbfe89e,fixed_origin_12m_ex_ante,stl_arima_111,5,model_full_evaluable_support,10,10,10,2015-05-01,2025-05-01,938054.0375851106,1282338.2478723715,48.8951593303338,28.183130445685048,24.35042715107045,218398.4262493855,0.011554955638025999,10,0.8,3785198.6076188693,3898231.1418154794,6210336.91742786
run_20260811T162732Z_6bbfe89e,fixed_origin_12m_ex_ante,stl_arima_111,6,model_full_evaluable_support,10,10,10,2015-06-01,2025-06-01,1194964.5809244674,1561803.4236711923,39.12159767627718,29.053047355669946,26.027806033656613,213098.52398956768,-0.11117393389144503,10,0.7,4146477.3240600014,4270298.261482917,9244497.364454282
run_20260811T162732Z_6bbfe89e,fixed_origin_12m_ex_ante,stl_arima_111,7,model_full_evaluable_support,11,11,11,2015-07-01,2025-07-01,1651689.4913865463,2176710.728589723,83.43465476372018,37.06016183797432,30.912929604740526,113960.20494629993,-0.2716481783592444,11,0.7272727272727273,4350806.170292237,4578999.078338344,19700481.82855222
run_20260811T162732Z_6bbfe89e,fixed_origin_12m_ex_ante,stl_arima_111,8,model_full_evaluable_support,11,11,11,2015-08-01,2025-08-01,1680688.0989995569,2220275.0765004065,39.52375263938832,27.867945499556846,24.781022485756846,346356.6184217999,-0.2830244501121697,11,0.8181818181818182,4651207.441570169,4895155.921570208,18923416.432272658
run_20260811T162732Z_6bbfe89e,fixed_origin_12m_ex_ante,stl_arima_111,9,model_full_evaluable_support,11,11,11,2015-09-01,2025-09-01,1293019.9201265546,1650373.4576313477,30.49862105379788,24.865302442674423,22.693011791875186,136287.6965806219,-0.31976091226775805,11,0.9090909090909091,4933350.483959399,5192096.920661667,11862796.69241768
run_20260811T162732Z_6bbfe89e,fixed_origin_12m_ex_ante,stl_arima_111,10,model_full_evaluable_support,11,11,11,2015-10-01,2025-10-01,1441008.411826493,1724323.2303769311,31.900100382888887,33.26416930964615,29.282810554976358,-559738.1971416873,-0.47740672492666314,11,0.7272727272727273,5200208.008401889,5472950.700545808,6646438.00283565
run_20260811T162732Z_6bbfe89e,fixed_origin_12m_ex_ante,stl_arima_111,11,model_full_evaluable_support,11,11,11,2015-11-01,2025-11-01,720678.0816780932,887336.5646376988,29.940615189299468,28.60685841341112,25.525715415081276,-234550.2430826412,-0.022197583679165467,11,1.0,5454024.171537182,5740079.120331473,5454024.171537182
run_20260811T162732Z_6bbfe89e,fixed_origin_12m_ex_ante,stl_arima_111,12,model_full_evaluable_support,11,11,11,2015-12-01,2025-12-01,530158.3328209958,673278.1061738596,28.81906247826303,26.309229204364524,23.22366314571903,-180963.29356131793,0.008651436540497603,11,1.0,5696542.459841459,5995317.109605281,5696542.459841459
run_20260811T162732Z_6bbfe89e,fixed_origin_12m_ex_ante,theta,1,model_full_evaluable_support,11,11,11,2015-01-01,2025-01-01,622095.5951991815,751385.5021017056,35.10591474666928,32.2041781942514,27.942170584343422,-365751.9245640551,-0.025826196816274294,11,1.0,3360144.1068804814,3219090.9651059103,3360144.1068804814
run_20260811T162732Z_6bbfe89e,fixed_origin_12m_ex_ante,theta,2,model_full_evaluable_support,11,11,11,2015-02-01,2025-02-01,436305.45183173264,574350.64595182,31.767357116251954,26.97377659057727,23.208532488609297,-190960.81314743945,-0.05127361851599721,11,1.0,4889195.899618722,4946798.229591601,4889195.899618722
run_20260811T162732Z_6bbfe89e,fixed_origin_12m_ex_ante,theta,3,model_full_evaluable_support,11,11,11,2015-03-01,2025-03-01,570926.1910023576,783245.4695325315,37.29668281704501,30.052162366226852,26.278621032275893,-15930.16680434198,-0.41909723429078816,11,1.0,6041914.076582254,6095618.533362966,6041914.076582254
run_20260811T162732Z_6bbfe89e,fixed_origin_12m_ex_ante,theta,4,model_full_evaluable_support,10,10,10,2015-04-01,2025-04-01,744552.1894994142,957167.8849790331,36.1241676548535,29.536692296432342,25.65933278760663,-161941.57300237956,-0.1753443266314365,10,1.0,7059379.180824637,7109952.638792996,7059379.180824637
run_20260811T162732Z_6bbfe89e,fixed_origin_12m_ex_ante,theta,5,model_full_evaluable_support,10,10,10,2015-05-01,2025-05-01,1028593.4956669558,1472028.4260772457,53.16379150884243,31.440798317615837,26.70069098447923,28392.68975256197,-0.3025059913853487,10,1.0,7914770.4782612575,7962100.036924523,7914770.4782612575
run_20260811T162732Z_6bbfe89e,fixed_origin_12m_ex_ante,theta,6,model_full_evaluable_support,10,10,10,2015-06-01,2025-06-01,1235081.7639034514,1640408.9739757057,40.149430316910774,31.048110880252324,26.901607880056034,-8972.33562357244,-0.22583940273225345,10,1.0,8686299.915976088,8744237.490067389,8686299.915976088
run_20260811T162732Z_6bbfe89e,fixed_origin_12m_ex_ante,theta,7,model_full_evaluable_support,11,11,11,2015-07-01,2025-07-01,1653552.7107154774,2368960.3920635604,88.99647981000761,36.90081879390676,30.947801515141247,326807.3494253034,-0.5061947759989955,11,0.9090909090909091,9321519.972134318,9427144.24379905,14119318.587418335
run_20260811T162732Z_6bbfe89e,fixed_origin_12m_ex_ante,theta,8,model_full_evaluable_support,11,11,11,2015-08-01,2025-08-01,1810314.54037663,2518332.568062251,42.90584019818968,30.705579724569,26.692308559851156,211541.67665328272,-0.650621618925463,11,0.9090909090909091,9974282.168619113,10103705.539095394,13764494.232361149
run_20260811T162732Z_6bbfe89e,fixed_origin_12m_ex_ante,theta,9,model_full_evaluable_support,11,11,11,2015-09-01,2025-09-01,1436620.8383524013,1944966.4029279058,33.013563203199425,27.832959932861126,25.213264790223647,207183.75275157468,-0.8329685285204524,11,1.0,10586867.119838681,10737722.414371697,10586867.119838681
run_20260811T162732Z_6bbfe89e,fixed_origin_12m_ex_ante,theta,10,model_full_evaluable_support,11,11,11,2015-10-01,2025-10-01,1183806.3929584704,1576133.460458532,29.25762924414761,27.165327176963274,24.0561942971827,-168469.47474794125,-0.23437947345042476,11,1.0,11165891.051158715,11336335.372396749,11165891.051158715
run_20260811T162732Z_6bbfe89e,fixed_origin_12m_ex_ante,theta,11,model_full_evaluable_support,11,11,11,2015-11-01,2025-11-01,716096.7634845098,937541.8620406059,30.062415729717284,28.29906027047676,25.363449588759703,-200041.31499686142,-0.14114131962324272,11,1.0,11716331.782819798,11904886.253249422,11716331.782819798
run_20260811T162732Z_6bbfe89e,fixed_origin_12m_ex_ante,theta,12,model_full_evaluable_support,11,11,11,2015-12-01,2025-12-01,572771.1283387878,732495.3996737299,29.565589903538076,28.828372461532354,25.0903228727043,-302708.0156055291,-0.17340301620882137,11,1.0,12242046.114881204,12447495.078535296,12242046.114881204
run_20260811T162732Z_6bbfe89e,fixed_origin_12m_ex_ante,xgboost_recursive_b0,1,model_full_evaluable_support,11,11,11,2015-01-01,2025-01-01,304892.6818181818,346095.9351933806,14.285221017420524,14.925984901420987,13.694620876641737,-251869.11363636365,0.7823587755512864,0,,,,
run_20260811T162732Z_6bbfe89e,fixed_origin_12m_ex_ante,xgboost_recursive_b0,2,model_full_evaluable_support,11,11,11,2015-02-01,2025-02-01,352710.0965909091,459507.4979323222,17.253924483047765,20.13000693603518,18.761818587010552,-336472.6306818182,0.32710586503173034,0,,,,
run_20260811T162732Z_6bbfe89e,fixed_origin_12m_ex_ante,xgboost_recursive_b0,3,model_full_evaluable_support,11,11,11,2015-03-01,2025-03-01,691244.2272727273,872405.0925978541,35.9889980602916,35.48385073533788,31.81662599390781,-379279.7272727273,-0.7605678009983818,0,,,,
run_20260811T162732Z_6bbfe89e,fixed_origin_12m_ex_ante,xgboost_recursive_b0,4,model_full_evaluable_support,10,10,10,2015-04-01,2025-04-01,1086494.975,1261722.1429653796,34.94651841188279,44.27882628382781,37.44362924287563,-1023000.375,-1.0422849068440323,0,,,,
run_20260811T162732Z_6bbfe89e,fixed_origin_12m_ex_ante,xgboost_recursive_b0,5,model_full_evaluable_support,10,10,10,2015-05-01,2025-05-01,1013397.7125,1238572.5445768463,28.00772808501641,29.38479071114374,26.306232034157997,-689964.5875,0.077874071184724,0,,,,
run_20260811T162732Z_6bbfe89e,fixed_origin_12m_ex_ante,xgboost_recursive_b0,6,model_full_evaluable_support,10,10,10,2015-06-01,2025-06-01,1606496.9375,1982463.11073129,31.066836510943276,38.54662078699939,34.99148958085844,-1472450.8875,-0.7903565672907724,0,,,,
run_20260811T162732Z_6bbfe89e,fixed_origin_12m_ex_ante,xgboost_recursive_b0,7,model_full_evaluable_support,11,11,11,2015-07-01,2025-07-01,2661032.5,2987974.3399639516,88.43812052941573,61.48450893606727,49.803737795396096,-1688495.5909090908,-1.396179039699407,0,,,,
run_20260811T162732Z_6bbfe89e,fixed_origin_12m_ex_ante,xgboost_recursive_b0,8,model_full_evaluable_support,11,11,11,2015-08-01,2025-08-01,3227668.840909091,3542091.3529882226,53.0489878698849,58.10834057328572,47.59058755206073,-2426811.840909091,-2.2654337755619802,0,,,,
run_20260811T162732Z_6bbfe89e,fixed_origin_12m_ex_ante,xgboost_recursive_b0,9,model_full_evaluable_support,11,11,11,2015-09-01,2025-09-01,2259527.090909091,2536451.6346024885,39.94323958833377,46.097597783390924,39.65559549387517,-1755863.7272727273,-2.11733856187609,0,,,,
run_20260811T162732Z_6bbfe89e,fixed_origin_12m_ex_ante,xgboost_recursive_b0,10,model_full_evaluable_support,11,11,11,2015-10-01,2025-10-01,1607402.0,2020278.1526167549,33.39197232320246,35.15265014007827,32.66410373831847,-838155.0454545454,-1.0280798402113578,0,,,,
run_20260811T162732Z_6bbfe89e,fixed_origin_12m_ex_ante,xgboost_recursive_b0,11,model_full_evaluable_support,11,11,11,2015-11-01,2025-11-01,993314.6704545454,1183238.0737181916,35.266702779204024,39.07971358945102,35.18223772895784,-770823.3977272727,-0.8176169567885176,0,,,,
run_20260811T162732Z_6bbfe89e,fixed_origin_12m_ex_ante,xgboost_recursive_b0,12,model_full_evaluable_support,11,11,11,2015-12-01,2025-12-01,767348.9090909091,901598.679034464,36.950620286774495,37.868497211836704,33.613830957136464,-533518.6363636364,-0.7777223424526054,0,,,,
run_20260811T162732Z_6bbfe89e,one_step_ex_ante,drift,1,model_full_evaluable_support,129,129,129,2015-01-01,2025-12-01,2449181.3624142916,2908233.0997505295,80.21394430225726,63.90202758381734,64.62727311599497,-22802.008618254822,-1.0711994928663247,129,1.0,13408425.82189296,12876412.460510666,13408425.82189296
run_20260811T162732Z_6bbfe89e,one_step_ex_ante,hist_gradient_boosting_recursive_b0,1,model_full_evaluable_support,129,129,129,2015-01-01,2025-12-01,917922.8613285595,1247966.5161779993,31.965555987191003,25.194860024405383,24.221502077746752,-330051.4416928457,0.6186099389601236,0,,,,
run_20260811T162732Z_6bbfe89e,one_step_ex_ante,naive_last,1,model_full_evaluable_support,129,129,129,2015-01-01,2025-12-01,2424733.434108527,2868412.831870792,78.47282413459291,63.78317419031506,63.98215839971303,-93638.51937984496,-1.0148690155200444,129,0.7596899224806202,7199416.537798244,7140064.88664506,15415945.48833552
run_20260811T162732Z_6bbfe89e,one_step_ex_ante,ridge_recursive_b0,1,model_full_evaluable_support,129,129,129,2015-01-01,2025-12-01,825882.3074640855,1331874.8106804236,33.00546586715715,28.822298790496482,21.792800755896415,65336.49302893968,0.5655995007420854,0,,,,
run_20260811T162732Z_6bbfe89e,one_step_ex_ante,same_month_historical_mean,1,model_full_evaluable_support,129,129,129,2015-01-01,2025-12-01,1152276.1206510128,1410159.7825359257,37.098478814413674,34.4401613596487,30.405450856830196,-689168.2257990945,0.5130323020164345,129,0.6666666666666666,2496023.3632920976,2299417.528013897,11241959.375502639
run_20260811T162732Z_6bbfe89e,one_step_ex_ante,seasonal_moving_average_3,1,model_full_evaluable_support,129,129,129,2015-01-01,2025-12-01,1001734.9793281654,1354536.984142238,36.83046851319507,28.989870782522768,26.433077228331413,-347654.91731266154,0.5506908737132497,129,0.7364341085271318,2732226.379750065,2233828.0034760386,11742340.624422021
run_20260811T162732Z_6bbfe89e,one_step_ex_ante,seasonal_naive,1,model_full_evaluable_support,129,129,129,2015-01-01,2025-12-01,896358.4031007752,1402065.0252097729,37.89834339695614,28.288824993194286,23.652474339387812,-174434.0,0.5186069490364134,129,0.7751937984496124,2844516.1284956387,2041090.6769607216,12923508.459463354
